preset,seed,steps,batch_size,parameters,train_count,holdout_count,sequence_length,chance_nll,initial_train_nll,initial_holdout_nll,final_train_nll,final_holdout_nll,final_train_accuracy,final_holdout_accuracy,mean_estimated_madds_per_token,mean_active_mechanisms_per_token,mean_writers_per_token,mean_recipients_per_token,first_window_loss,last_window_loss,mechanism_load,role_mechanism_load,condition,workspace_aux_initial_weight,workspace_aux_anneal_steps,first_primary_window_loss,last_primary_window_loss,last_workspace_aux_window_loss,anneal_boundary_primary_window_loss,final_workspace_aux_weight,final_weighted_workspace_aux_window_loss,training_stream_samples,output_logit_bound,initial_train_brier,initial_holdout_brier,final_train_brier,final_holdout_brier,initial_train_ece,initial_holdout_ece,final_train_ece,final_holdout_ece,final_train_max_confidence,final_holdout_max_confidence,final_train_true_class_probability,final_holdout_true_class_probability
structural_core_full,0,800,8,1169,160,160,8,1.609437912434,1.717139338900,1.611873871858,0.785321640922,3.448287671186,0.600000000000,0.031250000000,984.000000000000,0.000000000000,0.000000000000,0.000000000000,1.701671860918,0.754625531539,0;0;0;0;0;0,entity:0;0;0;0;0;0|value:0;0;0;0;0;0|filler:0;0;0;0;0;0|query_marker:0;0;0;0;0;0|query_entity:0;0;0;0;0;0,structural_core_full,0.000000000000,0,1.701671860918,0.754625531539,0.000000000000,0.000000000000,0.000000000000,0.000000000000,6400,0.000000000000,0.841815720213,0.805146116627,0.480897431405,1.484504933252,0.129509997564,0.078275554289,0.140115471644,0.712088169039,0.687495353710,0.743338169039,0.552355024655,0.075335337501
structural_core_blind,0,800,8,725,160,160,8,1.609437912434,1.609437912434,1.609437912434,1.613150942584,1.670176557925,0.175000000000,0.162500000000,696.000000000000,0.000000000000,0.000000000000,0.000000000000,1.614667526251,1.589190702147,0;0;0;0;0;0,entity:0;0;0;0;0;0|value:0;0;0;0;0;0|filler:0;0;0;0;0;0|query_marker:0;0;0;0;0;0|query_entity:0;0;0;0;0;0,structural_core_blind,0.000000000000,0,1.614667526251,1.589190702147,0.000000000000,0.000000000000,0.000000000000,0.000000000000,6400,0.000000000000,0.800000000000,0.800000000000,0.801609364509,0.821752719284,0.031250000000,0.143750000000,0.054415976981,0.066915976981,0.229415976981,0.229415976981,0.201011197593,0.190939520206
structural_mediation_linear,0,800,8,15650,160,160,8,1.609437912434,1.663264348559,1.560422833259,0.734032961649,3.014895580976,0.625000000000,0.062500000000,6784.000000000000,1.000000000000,0.750000000000,1.000000000000,1.593574067047,0.771054911372,320;320;320;320,entity:160;160;160;0|value:160;160;160;0|filler:0;0;0;0|query_marker:0;0;0;160|query_entity:0;0;0;160,structural_mediation_linear,0.000000000000,0,1.593574067047,0.771054911372,0.000000000000,0.000000000000,0.000000000000,0.000000000000,6400,0.000000000000,0.822478185392,0.777831423410,0.455512301576,1.383508872258,0.140826060368,0.241762354957,0.059511171281,0.654299876037,0.652073559136,0.716799876037,0.546224333748,0.113217247638
structural_mediation_bounded,0,800,8,15650,160,160,8,1.609437912434,1.661400646568,1.558589819607,1.400609582118,2.997346315200,0.400000000000,0.000000000000,6784.000000000000,1.000000000000,0.750000000000,1.000000000000,1.575717811684,1.413864777282,320;320;320;320,entity:160;160;160;0|value:160;160;160;0|filler:0;0;0;0|query_marker:0;0;0;160|query_entity:0;0;0;160,structural_mediation_bounded,0.000000000000,0,1.575717811684,1.413864777282,0.000000000000,0.000000000000,0.000000000000,0.000000000000,6400,1.000000000000,0.821626678217,0.777341194326,0.721777197801,1.177257161582,0.138944495214,0.250356581813,0.116989339995,0.345480736409,0.329034456033,0.345480736409,0.274983495454,0.051670605004
structural_core_full,1,800,8,1169,160,160,8,1.609437912434,1.791011595478,1.656757459443,0.827049634833,3.029638547497,0.493750000000,0.000000000000,984.000000000000,0.000000000000,0.000000000000,0.000000000000,1.693636510688,0.867107951899,0;0;0;0;0;0,entity:0;0;0;0;0;0|value:0;0;0;0;0;0|filler:0;0;0;0;0;0|query_marker:0;0;0;0;0;0|query_entity:0;0;0;0;0;0,structural_core_full,0.000000000000,0,1.693636510688,0.867107951899,0.000000000000,0.000000000000,0.000000000000,0.000000000000,6400,0.000000000000,0.861711940024,0.836152389124,0.520203417888,1.443020333007,0.139409070266,0.155967765692,0.115079778279,0.694582249636,0.592611421378,0.694582249636,0.483690987537,0.064780920824
structural_core_blind,1,800,8,725,160,160,8,1.609437912434,1.609437912434,1.609437912434,1.603385208710,1.624236243916,0.200000000000,0.187500000000,696.000000000000,0.000000000000,0.000000000000,0.000000000000,1.667132339054,1.596877297771,0;0;0;0;0;0,entity:0;0;0;0;0;0|value:0;0;0;0;0;0|filler:0;0;0;0;0;0|query_marker:0;0;0;0;0;0|query_entity:0;0;0;0;0;0,structural_core_blind,0.000000000000,0,1.667132339054,1.596877297771,0.000000000000,0.000000000000,0.000000000000,0.000000000000,6400,0.000000000000,0.800000000000,0.800000000000,0.797830899348,0.805718686759,0.068750000000,0.062500000000,0.027228284023,0.039728284023,0.227228284023,0.227228284023,0.201812557611,0.197868663905
structural_mediation_linear,1,800,8,15650,160,160,8,1.609437912434,1.614884727056,1.610024721282,0.832902739716,3.451241830972,0.481250000000,0.031250000000,6784.000000000000,1.000000000000,0.750000000000,1.000000000000,1.659787123750,0.772089072106,320;320;320;320,entity:160;160;160;0|value:160;160;160;0|filler:0;0;0;0|query_marker:0;0;0;160|query_entity:0;0;0;160,structural_mediation_linear,0.000000000000,0,1.659787123750,0.772089072106,0.000000000000,0.000000000000,0.000000000000,0.000000000000,6400,0.000000000000,0.802217687989,0.800222267756,0.532133156676,1.459441394072,0.029688724983,0.009983530779,0.138643779590,0.680980188226,0.603255997424,0.712230188226,0.496096135043,0.079330302127
structural_mediation_bounded,1,800,8,15650,160,160,8,1.609437912434,1.614824247383,1.608878448578,1.433130488451,3.001617905669,0.418750000000,0.000000000000,6784.000000000000,1.000000000000,0.750000000000,1.000000000000,1.654175798192,1.411469713709,320;320;320;320,entity:160;160;160;0|value:160;160;160;0|filler:0;0;0;0|query_marker:0;0;0;160|query_entity:0;0;0;160,structural_mediation_bounded,0.000000000000,0,1.654175798192,1.411469713709,0.000000000000,0.000000000000,0.000000000000,0.000000000000,6400,1.000000000000,0.802194219359,0.799760155160,0.732267120257,1.179008759078,0.028808136501,0.009112185984,0.090304460565,0.340037069385,0.343113828701,0.340037069385,0.275366797131,0.051803323195
structural_core_full,2,800,8,1169,160,160,8,1.609437912434,1.649354561304,1.683162291026,0.815132366547,3.015063572804,0.562500000000,0.025000000000,984.000000000000,0.000000000000,0.000000000000,0.000000000000,1.585904061622,0.707152539227,0;0;0;0;0;0,entity:0;0;0;0;0;0|value:0;0;0;0;0;0|filler:0;0;0;0;0;0|query_marker:0;0;0;0;0;0|query_entity:0;0;0;0;0;0,structural_core_full,0.000000000000,0,1.585904061622,0.707152539227,0.000000000000,0.000000000000,0.000000000000,0.000000000000,6400,0.000000000000,0.815118489972,0.833033387605,0.518605593591,1.421112260117,0.068272016728,0.142041063313,0.119127430830,0.671238193966,0.625930976554,0.696238193966,0.501990188052,0.085286739062
structural_core_blind,2,800,8,725,160,160,8,1.609437912434,1.609437912434,1.609437912434,1.614239321156,1.648769543447,0.200000000000,0.218750000000,696.000000000000,0.000000000000,0.000000000000,0.000000000000,1.622911118265,1.607165436877,0;0;0;0;0;0,entity:0;0;0;0;0;0|value:0;0;0;0;0;0|filler:0;0;0;0;0;0|query_marker:0;0;0;0;0;0|query_entity:0;0;0;0;0;0,structural_core_blind,0.000000000000,0,1.622911118265,1.607165436877,0.000000000000,0.000000000000,0.000000000000,0.000000000000,6400,0.000000000000,0.800000000000,0.800000000000,0.801782831909,0.814490975789,0.000000000000,0.162500000000,0.018029929620,0.000720070380,0.218029929620,0.218029929620,0.199942822858,0.193588750918
structural_mediation_linear,2,800,8,15650,160,160,8,1.609437912434,1.592176091420,1.745322129219,0.806726516530,3.036114457163,0.543750000000,0.087500000000,6784.000000000000,1.000000000000,0.750000000000,1.000000000000,1.613802712974,0.714682514747,320;320;320;320,entity:160;160;160;0|value:160;160;160;0|filler:0;0;0;0|query_marker:0;0;0;160|query_entity:0;0;0;160,structural_mediation_linear,0.000000000000,0,1.613802712974,0.714682514747,0.000000000000,0.000000000000,0.000000000000,0.000000000000,6400,0.000000000000,0.794073585395,0.850515484865,0.515458738427,1.340244775625,0.042032008563,0.171173219420,0.118085064171,0.621364276644,0.628794477852,0.708864276644,0.510213608514,0.135156072786
structural_mediation_bounded,2,800,8,15650,160,160,8,1.609437912434,1.591980200789,1.740111215259,1.235326012995,2.741448920012,0.425000000000,0.000000000000,6784.000000000000,1.000000000000,0.750000000000,1.000000000000,1.601975906238,1.158721228834,320;320;320;320,entity:160;160;160;0|value:160;160;160;0|filler:0;0;0;0|query_marker:0;0;0;160|query_entity:0;0;0;160,structural_mediation_bounded,0.000000000000,0,1.601975906238,1.158721228834,0.000000000000,0.000000000000,0.000000000000,0.000000000000,6400,1.000000000000,0.793919441016,0.848627971461,0.657686079894,1.160024337320,0.044022677784,0.169151396523,0.080262889527,0.394597297460,0.377791951691,0.394597297460,0.325856843729,0.075148333719
structural_core_full,3,800,8,1169,160,160,8,1.609437912434,1.657195345406,1.868866929104,0.809118655009,3.385681032201,0.612500000000,0.018750000000,984.000000000000,0.000000000000,0.000000000000,0.000000000000,1.638036932227,0.806386711567,0;0;0;0;0;0,entity:0;0;0;0;0;0|value:0;0;0;0;0;0|filler:0;0;0;0;0;0|query_marker:0;0;0;0;0;0|query_entity:0;0;0;0;0;0,structural_core_full,0.000000000000,0,1.638036932227,0.806386711567,0.000000000000,0.000000000000,0.000000000000,0.000000000000,6400,0.000000000000,0.817237231451,0.901033335631,0.475544842499,1.453705409468,0.096232971155,0.156425928815,0.072178307848,0.685549133510,0.652165878132,0.701995775746,0.534846344995,0.068779000778
structural_core_blind,3,800,8,725,160,160,8,1.609437912434,1.609437912434,1.609437912434,1.600856764270,1.660536865236,0.206250000000,0.187500000000,696.000000000000,0.000000000000,0.000000000000,0.000000000000,1.621336621287,1.594659769250,0;0;0;0;0;0,entity:0;0;0;0;0;0|value:0;0;0;0;0;0|filler:0;0;0;0;0;0|query_marker:0;0;0;0;0;0|query_entity:0;0;0;0;0;0,structural_core_blind,0.000000000000,0,1.621336621287,1.594659769250,0.000000000000,0.000000000000,0.000000000000,0.000000000000,6400,0.000000000000,0.800000000000,0.800000000000,0.796913288343,0.818351334789,0.056250000000,0.143750000000,0.016220564239,0.034970564239,0.222470564239,0.222470564239,0.203066460531,0.192347437308
structural_mediation_linear,3,800,8,15650,160,160,8,1.609437912434,1.620803015908,1.616961915287,0.828986897657,3.499736975014,0.531250000000,0.000000000000,6784.000000000000,1.000000000000,0.750000000000,1.000000000000,1.585471242169,0.863352723807,320;320;320;320,entity:160;160;160;0|value:160;160;160;0|filler:0;0;0;0|query_marker:0;0;0;160|query_entity:0;0;0;160,structural_mediation_linear,0.000000000000,0,1.585471242169,0.863352723807,0.000000000000,0.000000000000,0.000000000000,0.000000000000,6400,0.000000000000,0.803969343431,0.804904538888,0.509972222993,1.434525417728,0.027748885927,0.241687543904,0.141110062797,0.682517828594,0.648656218158,0.682517828594,0.514590776278,0.064202993785
structural_mediation_bounded,3,800,8,15650,160,160,8,1.609437912434,1.620235820736,1.616149514185,0.839702488516,2.522409409157,0.556250000000,0.012500000000,6784.000000000000,1.000000000000,0.750000000000,1.000000000000,1.588165279934,0.882626293193,320;320;320;320,entity:160;160;160;0|value:160;160;160;0|filler:0;0;0;0|query_marker:0;0;0;160|query_entity:0;0;0;160,structural_mediation_bounded,0.000000000000,0,1.588165279934,0.882626293193,0.000000000000,0.000000000000,0.000000000000,0.000000000000,6400,1.000000000000,0.803784818085,0.804426844271,0.462403576445,1.211415634996,0.028996286510,0.240396073048,0.109311852043,0.511597446900,0.453275532471,0.524097446900,0.447439033404,0.088147090570
structural_core_full,4,800,8,1169,160,160,8,1.609437912434,1.583699701840,1.590891087407,0.789806976569,3.255504654595,0.612500000000,0.012500000000,984.000000000000,0.000000000000,0.000000000000,0.000000000000,1.604886705623,0.732133896427,0;0;0;0;0;0,entity:0;0;0;0;0;0|value:0;0;0;0;0;0|filler:0;0;0;0;0;0|query_marker:0;0;0;0;0;0|query_entity:0;0;0;0;0;0,structural_core_full,0.000000000000,0,1.604886705623,0.732133896427,0.000000000000,0.000000000000,0.000000000000,0.000000000000,6400,0.000000000000,0.787622973101,0.797573183144,0.480405030805,1.432199171906,0.025909987294,0.046204821296,0.046108914828,0.710164710634,0.622043294672,0.710202768426,0.518168854487,0.079785628131
structural_core_blind,4,800,8,725,160,160,8,1.609437912434,1.609437912434,1.609437912434,1.608141115106,1.667870383228,0.187500000000,0.181250000000,696.000000000000,0.000000000000,0.000000000000,0.000000000000,1.644978825528,1.605885699872,0;0;0;0;0;0,entity:0;0;0;0;0;0|value:0;0;0;0;0;0|filler:0;0;0;0;0;0|query_marker:0;0;0;0;0;0|query_entity:0;0;0;0;0;0,structural_core_blind,0.000000000000,0,1.644978825528,1.605885699872,0.000000000000,0.000000000000,0.000000000000,0.000000000000,6400,0.000000000000,0.800000000000,0.800000000000,0.799456427417,0.820464393151,0.037500000000,0.100000000000,0.041780941361,0.048030941361,0.229280941361,0.229280941361,0.202854820050,0.192350837183
structural_mediation_linear,4,800,8,15650,160,160,8,1.609437912434,1.647313707156,1.573508608335,0.793409283272,3.204139715291,0.606250000000,0.050000000000,6784.000000000000,1.000000000000,0.750000000000,1.000000000000,1.620549077212,0.756510587762,320;320;320;320,entity:160;160;160;0|value:160;160;160;0|filler:0;0;0;0|query_marker:0;0;0;160|query_entity:0;0;0;160,structural_mediation_linear,0.000000000000,0,1.620549077212,0.756510587762,0.000000000000,0.000000000000,0.000000000000,0.000000000000,6400,0.000000000000,0.814417615098,0.787771245633,0.492023808262,1.377292500076,0.085334621785,0.047129823779,0.093358606171,0.660943756617,0.648042115674,0.710943756617,0.527596419692,0.113999806087
structural_mediation_bounded,4,800,8,15650,160,160,8,1.609437912434,1.645872969044,1.574690501736,0.886636383417,2.457376681404,0.625000000000,0.037500000000,6784.000000000000,1.000000000000,0.750000000000,1.000000000000,1.628853958979,0.866202891057,320;320;320;320,entity:160;160;160;0|value:160;160;160;0|filler:0;0;0;0|query_marker:0;0;0;160|query_entity:0;0;0;160,structural_mediation_bounded,0.000000000000,0,1.628853958979,0.866202891057,0.000000000000,0.000000000000,0.000000000000,0.000000000000,6400,1.000000000000,0.813917025809,0.788091238401,0.501400737850,1.182309877877,0.084417946831,0.046245101937,0.199891836505,0.513734927558,0.425108163495,0.512484784128,0.422814580178,0.101261558276
structural_core_full,5,800,8,1169,160,160,8,1.609437912434,1.792503052359,1.620156794072,0.832401153626,3.292390741247,0.606250000000,0.018750000000,984.000000000000,0.000000000000,0.000000000000,0.000000000000,1.662376179941,0.848318409784,0;0;0;0;0;0,entity:0;0;0;0;0;0|value:0;0;0;0;0;0|filler:0;0;0;0;0;0|query_marker:0;0;0;0;0;0|query_entity:0;0;0;0;0;0,structural_core_full,0.000000000000,0,1.662376179941,0.848318409784,0.000000000000,0.000000000000,0.000000000000,0.000000000000,6400,0.000000000000,0.873725481044,0.799322546076,0.495791848130,1.405491097339,0.214644066382,0.019971949647,0.046256473065,0.652980660026,0.648045061167,0.671730660026,0.521410590101,0.076032991052
structural_core_blind,5,800,8,725,160,160,8,1.609437912434,1.609437912434,1.609437912434,1.603435546199,1.631525553065,0.250000000000,0.187500000000,696.000000000000,0.000000000000,0.000000000000,0.000000000000,1.638199570412,1.639995748400,0;0;0;0;0;0,entity:0;0;0;0;0;0|value:0;0;0;0;0;0|filler:0;0;0;0;0;0|query_marker:0;0;0;0;0;0|query_entity:0;0;0;0;0;0,structural_core_blind,0.000000000000,0,1.638199570412,1.639995748400,0.000000000000,0.000000000000,0.000000000000,0.000000000000,6400,0.000000000000,0.800000000000,0.800000000000,0.797578054967,0.808530020935,0.031250000000,0.143750000000,0.028457776411,0.034042223589,0.221542223589,0.221542223589,0.202048261166,0.196572278182
structural_mediation_linear,5,800,8,15650,160,160,8,1.609437912434,1.602924085148,1.606927864649,0.771363981891,3.273849047748,0.625000000000,0.068750000000,6784.000000000000,1.000000000000,0.750000000000,1.000000000000,1.710145063721,0.973948610987,320;320;320;320,entity:160;160;160;0|value:160;160;160;0|filler:0;0;0;0|query_marker:0;0;0;160|query_entity:0;0;0;160,structural_mediation_linear,0.000000000000,0,1.710145063721,0.973948610987,0.000000000000,0.000000000000,0.000000000000,0.000000000000,6400,0.000000000000,0.796699216153,0.799896054431,0.484621648875,1.372695560664,0.059131736230,0.233214184631,0.060493644250,0.629458869379,0.650610390169,0.690549042107,0.531381794439,0.102980360747
structural_mediation_bounded,5,800,8,15650,160,160,8,1.609437912434,1.602889027481,1.606236416997,1.162892448728,2.824133460515,0.456250000000,0.000000000000,6784.000000000000,1.000000000000,0.750000000000,1.000000000000,1.703386349423,1.259431971965,320;320;320;320,entity:160;160;160;0|value:160;160;160;0|filler:0;0;0;0|query_marker:0;0;0;160|query_entity:0;0;0;160,structural_mediation_bounded,0.000000000000,0,1.703386349423,1.259431971965,0.000000000000,0.000000000000,0.000000000000,0.000000000000,6400,1.000000000000,0.796735088108,0.799555573384,0.627120844634,1.196520460901,0.059878781745,0.232497965357,0.060715721727,0.400160438724,0.395534278273,0.400160438724,0.344834118137,0.062038590331
structural_core_full,6,800,8,1169,160,160,8,1.609437912434,1.622030400137,1.567545680284,0.904764908670,3.406318936849,0.531250000000,0.012500000000,984.000000000000,0.000000000000,0.000000000000,0.000000000000,1.600402098216,0.679686077621,0;0;0;0;0;0,entity:0;0;0;0;0;0|value:0;0;0;0;0;0|filler:0;0;0;0;0;0|query_marker:0;0;0;0;0;0|query_entity:0;0;0;0;0;0,structural_core_full,0.000000000000,0,1.600402098216,0.679686077621,0.000000000000,0.000000000000,0.000000000000,0.000000000000,6400,0.000000000000,0.808242640704,0.777535658857,0.573178410111,1.530294271337,0.091294039710,0.097657834951,0.116780261691,0.746292001159,0.641290301265,0.758792001159,0.482728644603,0.063555178302
structural_core_blind,6,800,8,725,160,160,8,1.609437912434,1.609437912434,1.609437912434,1.622505274278,1.639243052704,0.168750000000,0.150000000000,696.000000000000,0.000000000000,0.000000000000,0.000000000000,1.619372473522,1.596105218503,0;0;0;0;0;0,entity:0;0;0;0;0;0|value:0;0;0;0;0;0|filler:0;0;0;0;0;0|query_marker:0;0;0;0;0;0|query_entity:0;0;0;0;0;0,structural_core_blind,0.000000000000,0,1.619372473522,1.596105218503,0.000000000000,0.000000000000,0.000000000000,0.000000000000,6400,0.000000000000,0.800000000000,0.800000000000,0.805588950366,0.811873540619,0.025000000000,0.106250000000,0.068541301043,0.087291301043,0.237291301043,0.237291301043,0.198505641886,0.195363346759
structural_mediation_linear,6,800,8,15650,160,160,8,1.609437912434,1.647913535037,1.664099617095,0.824893937155,2.988692920071,0.556250000000,0.087500000000,6784.000000000000,1.000000000000,0.750000000000,1.000000000000,1.597651296098,0.687096639613,320;320;320;320,entity:160;160;160;0|value:160;160;160;0|filler:0;0;0;0|query_marker:0;0;0;160|query_entity:0;0;0;160,structural_mediation_linear,0.000000000000,0,1.597651296098,0.687096639613,0.000000000000,0.000000000000,0.000000000000,0.000000000000,6400,0.000000000000,0.816298257925,0.822126993765,0.534057000513,1.356280789816,0.057496953961,0.108357375567,0.091140556807,0.643616561799,0.625708910291,0.715078762305,0.493796096539,0.125808927244
structural_mediation_bounded,6,800,8,15650,160,160,8,1.609437912434,1.645164273667,1.665187267321,1.000958357473,2.347054924169,0.512500000000,0.050000000000,6784.000000000000,1.000000000000,0.750000000000,1.000000000000,1.592497507197,0.950647256692,320;320;320;320,entity:160;160;160;0|value:160;160;160;0|filler:0;0;0;0|query_marker:0;0;0;160|query_entity:0;0;0;160,structural_mediation_bounded,0.000000000000,0,1.592497507197,0.950647256692,0.000000000000,0.000000000000,0.000000000000,0.000000000000,6400,1.000000000000,0.815109649455,0.822546867471,0.562406415331,1.116030014055,0.055042743448,0.105828643941,0.098980446038,0.424652365449,0.419430200071,0.474652365449,0.386480527356,0.118845695410
structural_core_full,7,800,8,1169,160,160,8,1.609437912434,1.638177305744,1.671589299167,0.806350908873,3.639893102387,0.637500000000,0.000000000000,984.000000000000,0.000000000000,0.000000000000,0.000000000000,1.598454815721,0.914706103026,0;0;0;0;0;0,entity:0;0;0;0;0;0|value:0;0;0;0;0;0|filler:0;0;0;0;0;0|query_marker:0;0;0;0;0;0|query_entity:0;0;0;0;0;0,structural_core_full,0.000000000000,0,1.598454815721,0.914706103026,0.000000000000,0.000000000000,0.000000000000,0.000000000000,6400,0.000000000000,0.807851257360,0.808026318100,0.472336588674,1.491442236101,0.142786352072,0.015362284929,0.053459377020,0.707890020511,0.674911359547,0.707890020511,0.543734313676,0.050085211966
structural_core_blind,7,800,8,725,160,160,8,1.609437912434,1.609437912434,1.609437912434,1.605513742438,1.633041948726,0.243750000000,0.143750000000,696.000000000000,0.000000000000,0.000000000000,0.000000000000,1.647222585178,1.616732244063,0;0;0;0;0;0,entity:0;0;0;0;0;0|value:0;0;0;0;0;0|filler:0;0;0;0;0;0|query_marker:0;0;0;0;0;0|query_entity:0;0;0;0;0;0,structural_core_blind,0.000000000000,0,1.647222585178,1.616732244063,0.000000000000,0.000000000000,0.000000000000,0.000000000000,6400,0.000000000000,0.800000000000,0.800000000000,0.798218522204,0.809988763973,0.037500000000,0.250000000000,0.016030419829,0.083969580171,0.227719580171,0.227719580171,0.202204058315,0.196318937430
structural_mediation_linear,7,800,8,15650,160,160,8,1.609437912434,1.618187908061,1.623056245082,1.086158676509,2.972464350381,0.462500000000,0.050000000000,6784.000000000000,1.000000000000,0.750000000000,1.000000000000,1.647965619791,0.959329022448,320;320;320;320,entity:160;160;160;0|value:160;160;160;0|filler:0;0;0;0|query_marker:0;0;0;160|query_entity:0;0;0;160,structural_mediation_linear,0.000000000000,0,1.647965619791,0.959329022448,0.000000000000,0.000000000000,0.000000000000,0.000000000000,6400,0.000000000000,0.802435084745,0.809557989015,0.626205997182,1.234100729622,0.037216245962,0.158206502672,0.091772230859,0.491072009869,0.547726366010,0.541072009869,0.400663500787,0.092505335890
structural_mediation_bounded,7,800,8,15650,160,160,8,1.609437912434,1.617280550362,1.622027386248,1.326158434088,3.010300902886,0.375000000000,0.000000000000,6784.000000000000,1.000000000000,0.750000000000,1.000000000000,1.655161148442,1.291485070126,320;320;320;320,entity:160;160;160;0|value:160;160;160;0|filler:0;0;0;0|query_marker:0;0;0;160|query_entity:0;0;0;160,structural_mediation_bounded,0.000000000000,0,1.655161148442,1.291485070126,0.000000000000,0.000000000000,0.000000000000,0.000000000000,6400,1.000000000000,0.802207375503,0.808759752409,0.699740593124,1.186765743313,0.035601198155,0.156569487217,0.024467907056,0.344106707356,0.358100200894,0.344106707356,0.294660626523,0.050652536103
structural_core_full,8,800,8,1169,160,160,8,1.609437912434,1.676026661534,1.502354902214,0.871318545601,3.258960549546,0.562500000000,0.012500000000,984.000000000000,0.000000000000,0.000000000000,0.000000000000,1.659967295099,0.719379164907,0;0;0;0;0;0,entity:0;0;0;0;0;0|value:0;0;0;0;0;0|filler:0;0;0;0;0;0|query_marker:0;0;0;0;0;0|query_entity:0;0;0;0;0;0,structural_core_full,0.000000000000,0,1.659967295099,0.719379164907,0.000000000000,0.000000000000,0.000000000000,0.000000000000,6400,0.000000000000,0.839383120219,0.749363829353,0.520991580786,1.467310267423,0.158411687632,0.086863791146,0.114348306164,0.706120130454,0.652790273749,0.718620130454,0.509921315316,0.066109293039
structural_core_blind,8,800,8,725,160,160,8,1.609437912434,1.609437912434,1.609437912434,1.628806169206,1.645228225412,0.218750000000,0.181250000000,696.000000000000,0.000000000000,0.000000000000,0.000000000000,1.630508365536,1.623283536539,0;0;0;0;0;0,entity:0;0;0;0;0;0|value:0;0;0;0;0;0|filler:0;0;0;0;0;0|query_marker:0;0;0;0;0;0|query_entity:0;0;0;0;0;0,structural_core_blind,0.000000000000,0,1.630508365536,1.623283536539,0.000000000000,0.000000000000,0.000000000000,0.000000000000,6400,0.000000000000,0.800000000000,0.800000000000,0.807110806729,0.813243849831,0.037500000000,0.093750000000,0.016384812468,0.053884812468,0.235134812468,0.235134812468,0.198339233878,0.195272712327
structural_mediation_linear,8,800,8,15650,160,160,8,1.609437912434,1.636559617855,1.617607222562,0.876638737638,3.445526988905,0.606250000000,0.000000000000,6784.000000000000,1.000000000000,0.750000000000,1.000000000000,1.660503128114,0.773697575545,320;320;320;320,entity:160;160;160;0|value:160;160;160;0|filler:0;0;0;0|query_marker:0;0;0;160|query_entity:0;0;0;160,structural_mediation_linear,0.000000000000,0,1.660503128114,0.773697575545,0.000000000000,0.000000000000,0.000000000000,0.000000000000,6400,0.000000000000,0.812174012784,0.803116399893,0.502530802600,1.412610097130,0.092691978898,0.236684691371,0.056888964542,0.678806081200,0.649138810170,0.678806081200,0.517196071877,0.072395078361
structural_mediation_bounded,8,800,8,15650,160,160,8,1.609437912434,1.630816221406,1.616607639454,1.405082182211,2.908101200153,0.387500000000,0.000000000000,6784.000000000000,1.000000000000,0.750000000000,1.000000000000,1.659324391761,1.294128233426,320;320;320;320,entity:160;160;160;0|value:160;160;160;0|filler:0;0;0;0|query_marker:0;0;0;160|query_entity:0;0;0;160,structural_mediation_bounded,0.000000000000,0,1.659324391761,1.294128233426,0.000000000000,0.000000000000,0.000000000000,0.000000000000,6400,1.000000000000,0.809225641675,0.803033405053,0.721380979166,1.186989928975,0.081943997657,0.238021570232,0.037135668772,0.373941519818,0.355156655267,0.373941519818,0.285662077925,0.056526960383
structural_core_full,9,800,8,1169,160,160,8,1.609437912434,1.673414594367,1.666794315829,0.749804956355,2.983302355569,0.618750000000,0.056250000000,984.000000000000,0.000000000000,0.000000000000,0.000000000000,1.701217770819,0.841016269370,0;0;0;0;0;0,entity:0;0;0;0;0;0|value:0;0;0;0;0;0|filler:0;0;0;0;0;0|query_marker:0;0;0;0;0;0|query_entity:0;0;0;0;0;0,structural_core_full,0.000000000000,0,1.701217770819,0.841016269370,0.000000000000,0.000000000000,0.000000000000,0.000000000000,6400,0.000000000000,0.828306255362,0.833395482265,0.478900253326,1.373746434645,0.125845100378,0.151120869610,0.101432384346,0.636649752834,0.683908152425,0.692899752834,0.553793992754,0.106961087117
structural_core_blind,9,800,8,725,160,160,8,1.609437912434,1.609437912434,1.609437912434,1.608701589278,1.681412412766,0.212500000000,0.168750000000,696.000000000000,0.000000000000,0.000000000000,0.000000000000,1.614908721622,1.619585165437,0;0;0;0;0;0,entity:0;0;0;0;0;0|value:0;0;0;0;0;0|filler:0;0;0;0;0;0|query_marker:0;0;0;0;0;0|query_entity:0;0;0;0;0;0,structural_core_blind,0.000000000000,0,1.614908721622,1.619585165437,0.000000000000,0.000000000000,0.000000000000,0.000000000000,6400,0.000000000000,0.800000000000,0.800000000000,0.800547902837,0.825557175619,0.062500000000,0.106250000000,0.044456141322,0.088206141322,0.256956141322,0.256956141322,0.203698100093,0.191193463702
structural_mediation_linear,9,800,8,15650,160,160,8,1.609437912434,1.628995489366,1.568700700011,0.750729456757,2.961919417399,0.556250000000,0.106250000000,6784.000000000000,1.000000000000,0.750000000000,1.000000000000,1.622708251053,0.789151557196,320;320;320;320,entity:160;160;160;0|value:160;160;160;0|filler:0;0;0;0|query_marker:0;0;0;160|query_entity:0;0;0;160,structural_mediation_linear,0.000000000000,0,1.622708251053,0.789151557196,0.000000000000,0.000000000000,0.000000000000,0.000000000000,6400,0.000000000000,0.807705104618,0.785340236997,0.490605838389,1.327566996140,0.021926990575,0.026972703796,0.106344545243,0.633693806772,0.661736072200,0.723628380834,0.540733442685,0.150788775963
structural_mediation_bounded,9,800,8,15650,160,160,8,1.609437912434,1.628538034521,1.569649632422,1.271954035641,2.759733973565,0.431250000000,0.000000000000,6784.000000000000,1.000000000000,0.750000000000,1.000000000000,1.612874451278,1.279414446522,320;320;320;320,entity:160;160;160;0|value:160;160;160;0|filler:0;0;0;0|query_marker:0;0;0;160|query_entity:0;0;0;160,structural_mediation_bounded,0.000000000000,0,1.612874451278,1.279414446522,0.000000000000,0.000000000000,0.000000000000,0.000000000000,6400,1.000000000000,0.807516458480,0.785635642106,0.673361473717,1.159592032230,0.020902243381,0.026008114013,0.061501866597,0.381598092139,0.369748133403,0.381598092139,0.312597444775,0.070313445043
structural_core_full,10,800,8,1169,160,160,8,1.609437912434,1.799968695843,1.543262962272,0.890875916622,2.985748798850,0.575000000000,0.056250000000,984.000000000000,0.000000000000,0.000000000000,0.000000000000,1.660206960274,0.940700777696,0;0;0;0;0;0,entity:0;0;0;0;0;0|value:0;0;0;0;0;0|filler:0;0;0;0;0;0|query_marker:0;0;0;0;0;0|query_entity:0;0;0;0;0;0,structural_core_full,0.000000000000,0,1.660206960274,0.940700777696,0.000000000000,0.000000000000,0.000000000000,0.000000000000,6400,0.000000000000,0.876623231242,0.757783251674,0.531903301428,1.308894482699,0.223098508632,0.135130515588,0.096202046858,0.604220420967,0.664630599146,0.659102658337,0.508617696599,0.113458292406
structural_core_blind,10,800,8,725,160,160,8,1.609437912434,1.609437912434,1.609437912434,1.602287134448,1.635567679328,0.237500000000,0.143750000000,696.000000000000,0.000000000000,0.000000000000,0.000000000000,1.610217527348,1.610579060283,0;0;0;0;0;0,entity:0;0;0;0;0;0|value:0;0;0;0;0;0|filler:0;0;0;0;0;0|query_marker:0;0;0;0;0;0|query_entity:0;0;0;0;0;0,structural_core_blind,0.000000000000,0,1.610217527348,1.610579060283,0.000000000000,0.000000000000,0.000000000000,0.000000000000,6400,0.000000000000,0.800000000000,0.800000000000,0.797150987208,0.810345922265,0.050000000000,0.162500000000,0.009873150275,0.083876849725,0.227626849725,0.227626849725,0.202360413616,0.195762946087
structural_mediation_linear,10,800,8,15650,160,160,8,1.609437912434,1.612469277239,1.637149503743,0.811501923743,3.621878067287,0.568750000000,0.043750000000,6784.000000000000,1.000000000000,0.750000000000,1.000000000000,1.594073434046,0.732805862317,320;320;320;320,entity:160;160;160;0|value:160;160;160;0|filler:0;0;0;0|query_marker:0;0;0;160|query_entity:0;0;0;160,structural_mediation_linear,0.000000000000,0,1.594073434046,0.732805862317,0.000000000000,0.000000000000,0.000000000000,0.000000000000,6400,0.000000000000,0.801340783204,0.811883857131,0.523978275187,1.451774980290,0.028684745661,0.128294757425,0.125573819618,0.694615760104,0.684919648756,0.738365760104,0.527174590094,0.094289701089
structural_mediation_bounded,10,800,8,15650,160,160,8,1.609437912434,1.612396261948,1.635889336757,1.258978603245,2.554268051574,0.468750000000,0.025000000000,6784.000000000000,1.000000000000,0.750000000000,1.000000000000,1.597470896669,1.090261424091,320;320;320;320,entity:160;160;160;0|value:160;160;160;0|filler:0;0;0;0|query_marker:0;0;0;160|query_entity:0;0;0;160,structural_mediation_bounded,0.000000000000,0,1.597470896669,1.090261424091,0.000000000000,0.000000000000,0.000000000000,0.000000000000,6400,1.000000000000,0.801297482140,0.811385132231,0.663498485826,1.141517911388,0.027968543849,0.127586119587,0.067345055015,0.399037553239,0.449591155386,0.424037553239,0.335348905887,0.091060682377
structural_core_full,11,800,8,1169,160,160,8,1.609437912434,1.768911161703,1.707864876909,0.845891632675,3.634244126785,0.587500000000,0.018750000000,984.000000000000,0.000000000000,0.000000000000,0.000000000000,1.689508782248,0.912850608975,0;0;0;0;0;0,entity:0;0;0;0;0;0|value:0;0;0;0;0;0|filler:0;0;0;0;0;0|query_marker:0;0;0;0;0;0|query_entity:0;0;0;0;0;0,structural_core_full,0.000000000000,0,1.689508782248,0.912850608975,0.000000000000,0.000000000000,0.000000000000,0.000000000000,6400,0.000000000000,0.857288345661,0.816862443939,0.508727163702,1.422947598856,0.149597016570,0.092414062380,0.091524921426,0.634112477320,0.674493607443,0.652862477320,0.523678335016,0.053275528179
structural_core_blind,11,800,8,725,160,160,8,1.609437912434,1.609437912434,1.609437912434,1.626741040193,1.657080942203,0.175000000000,0.168750000000,696.000000000000,0.000000000000,0.000000000000,0.000000000000,1.585525821482,1.582163177138,0;0;0;0;0;0,entity:0;0;0;0;0;0|value:0;0;0;0;0;0|filler:0;0;0;0;0;0|query_marker:0;0;0;0;0;0|query_entity:0;0;0;0;0;0,structural_core_blind,0.000000000000,0,1.585525821482,1.582163177138,0.000000000000,0.000000000000,0.000000000000,0.000000000000,6400,0.000000000000,0.800000000000,0.800000000000,0.808222980731,0.819078509573,0.031250000000,0.137500000000,0.092892647363,0.099142647363,0.267892647363,0.267892647363,0.199289571296,0.193861806875
structural_mediation_linear,11,800,8,15650,160,160,8,1.609437912434,1.635042626172,1.717392870728,0.783359912983,3.617653723281,0.581250000000,0.062500000000,6784.000000000000,1.000000000000,0.750000000000,1.000000000000,1.578237523762,0.683504202265,320;320;320;320,entity:160;160;160;0|value:160;160;160;0|filler:0;0;0;0|query_marker:0;0;0;160|query_entity:0;0;0;160,structural_mediation_linear,0.000000000000,0,1.578237523762,0.683504202265,0.000000000000,0.000000000000,0.000000000000,0.000000000000,6400,0.000000000000,0.810509403937,0.839573467104,0.514972168374,1.449165216783,0.072946598361,0.087636872663,0.145259570807,0.674564624001,0.703708419734,0.737064624001,0.543870834355,0.093122048498
structural_mediation_bounded,11,800,8,15650,160,160,8,1.609437912434,1.632727953092,1.709095520115,1.411600303822,2.804620474600,0.350000000000,0.000000000000,6784.000000000000,1.000000000000,0.750000000000,1.000000000000,1.582026751709,1.385213626041,320;320;320;320,entity:160;160;160;0|value:160;160;160;0|filler:0;0;0;0|query_marker:0;0;0;160|query_entity:0;0;0;160,structural_mediation_bounded,0.000000000000,0,1.582026751709,1.385213626041,0.000000000000,0.000000000000,0.000000000000,0.000000000000,6400,1.000000000000,0.809587049315,0.836780204694,0.724741450850,1.157862537511,0.079073358016,0.084198985552,0.086267921305,0.370795626866,0.367586929973,0.370795626866,0.279966488919,0.066547641184
structural_core_full,12,800,8,1169,160,160,8,1.609437912434,1.699092690392,1.756835216870,0.936702999462,3.001415758802,0.518750000000,0.043750000000,984.000000000000,0.000000000000,0.000000000000,0.000000000000,1.611293198785,0.986747034082,0;0;0;0;0;0,entity:0;0;0;0;0;0|value:0;0;0;0;0;0|filler:0;0;0;0;0;0|query_marker:0;0;0;0;0;0|query_entity:0;0;0;0;0;0,structural_core_full,0.000000000000,0,1.611293198785,0.986747034082,0.000000000000,0.000000000000,0.000000000000,0.000000000000,6400,0.000000000000,0.830156502432,0.867793377805,0.564031083809,1.382246032255,0.096795247171,0.217646585110,0.135781327954,0.661981162354,0.654531327954,0.705731162354,0.489574936685,0.102523489343
structural_core_blind,12,800,8,725,160,160,8,1.609437912434,1.609437912434,1.609437912434,1.604938039604,1.664782373457,0.243750000000,0.143750000000,696.000000000000,0.000000000000,0.000000000000,0.000000000000,1.621545131886,1.604753407150,0;0;0;0;0;0,entity:0;0;0;0;0;0|value:0;0;0;0;0;0|filler:0;0;0;0;0;0|query_marker:0;0;0;0;0;0|query_entity:0;0;0;0;0;0,structural_core_blind,0.000000000000,0,1.621545131886,1.604753407150,0.000000000000,0.000000000000,0.000000000000,0.000000000000,6400,0.000000000000,0.800000000000,0.800000000000,0.798180850740,0.820015818750,0.037500000000,0.106250000000,0.016472967129,0.083527032871,0.227277032871,0.227277032871,0.202965060794,0.192047576789
structural_mediation_linear,12,800,8,15650,160,160,8,1.609437912434,1.603595799246,1.692436090820,0.993780998688,3.797904801533,0.493750000000,0.006250000000,6784.000000000000,1.000000000000,0.750000000000,1.000000000000,1.663604967631,0.884903878113,320;320;320;320,entity:160;160;160;0|value:160;160;160;0|filler:0;0;0;0|query_marker:0;0;0;160|query_entity:0;0;0;160,structural_mediation_linear,0.000000000000,0,1.663604967631,0.884903878113,0.000000000000,0.000000000000,0.000000000000,0.000000000000,6400,0.000000000000,0.799360795650,0.828152254932,0.597615397537,1.461811540849,0.049469715771,0.074035122367,0.154433960072,0.666493182981,0.648183960072,0.672743182981,0.469150761815,0.047500825172
structural_mediation_bounded,12,800,8,15650,160,160,8,1.609437912434,1.602557692974,1.691103576029,1.217968721820,2.878340800761,0.362500000000,0.000000000000,6784.000000000000,1.000000000000,0.750000000000,1.000000000000,1.665010941481,1.385423991540,320;320;320;320,entity:160;160;160;0|value:160;160;160;0|filler:0;0;0;0|query_marker:0;0;0;160|query_entity:0;0;0;160,structural_mediation_bounded,0.000000000000,0,1.665010941481,1.385423991540,0.000000000000,0.000000000000,0.000000000000,0.000000000000,6400,1.000000000000,0.798789212921,0.827916060446,0.664236427208,1.179666145495,0.047396466236,0.072062773812,0.035733772190,0.358835656853,0.355081269166,0.358835656853,0.313228119155,0.058525179388
structural_core_full,13,800,8,1169,160,160,8,1.609437912434,1.662461342659,1.610369908166,0.807930111735,3.359141962407,0.593750000000,0.000000000000,984.000000000000,0.000000000000,0.000000000000,0.000000000000,1.600299504705,0.810251727945,0;0;0;0;0;0,entity:0;0;0;0;0;0|value:0;0;0;0;0;0|filler:0;0;0;0;0;0|query_marker:0;0;0;0;0;0|query_entity:0;0;0;0;0;0,structural_core_full,0.000000000000,0,1.600299504705,0.810251727945,0.000000000000,0.000000000000,0.000000000000,0.000000000000,6400,0.000000000000,0.817179795549,0.803698603763,0.502483594790,1.461081051749,0.152098365233,0.163175604152,0.080580203538,0.696465542735,0.636501088735,0.696465542735,0.514895149932,0.062080173046
structural_core_blind,13,800,8,725,160,160,8,1.609437912434,1.609437912434,1.609437912434,1.606707548095,1.663644049383,0.181250000000,0.168750000000,696.000000000000,0.000000000000,0.000000000000,0.000000000000,1.628553070325,1.598497602430,0;0;0;0;0;0,entity:0;0;0;0;0;0|value:0;0;0;0;0;0|filler:0;0;0;0;0;0|query_marker:0;0;0;0;0;0|query_entity:0;0;0;0;0;0,structural_core_blind,0.000000000000,0,1.628553070325,1.598497602430,0.000000000000,0.000000000000,0.000000000000,0.000000000000,6400,0.000000000000,0.800000000000,0.800000000000,0.799038260962,0.819796037604,0.031250000000,0.175000000000,0.046694175871,0.059194175871,0.227944175871,0.227944175871,0.201822263703,0.191443375382
structural_mediation_linear,13,800,8,15650,160,160,8,1.609437912434,1.656558558547,1.577514299712,0.912739961722,3.775123751749,0.568750000000,0.050000000000,6784.000000000000,1.000000000000,0.750000000000,1.000000000000,1.618692274673,0.805864147362,320;320;320;320,entity:160;160;160;0|value:160;160;160;0|filler:0;0;0;0|query_marker:0;0;0;160|query_entity:0;0;0;160,structural_mediation_linear,0.000000000000,0,1.618692274673,0.805864147362,0.000000000000,0.000000000000,0.000000000000,0.000000000000,6400,0.000000000000,0.816674796521,0.787877265678,0.560171510085,1.442809929352,0.076113847062,0.038051783480,0.148712835184,0.679204059440,0.657781489896,0.713353260439,0.496378894266,0.077873991554
structural_mediation_bounded,13,800,8,15650,160,160,8,1.609437912434,1.652023823115,1.580572550915,1.014245642458,2.698590050214,0.525000000000,0.000000000000,6784.000000000000,1.000000000000,0.750000000000,1.000000000000,1.615658713732,1.080333074797,320;320;320;320,entity:160;160;160;0|value:160;160;160;0|filler:0;0;0;0|query_marker:0;0;0;160|query_entity:0;0;0;160,structural_mediation_bounded,0.000000000000,0,1.615658713732,1.080333074797,0.000000000000,0.000000000000,0.000000000000,0.000000000000,6400,1.000000000000,0.815378135427,0.788898697203,0.561311903562,1.182690501198,0.074500024873,0.036415551347,0.130203383926,0.414120048062,0.394796616074,0.414120048062,0.378016567493,0.071504289565
structural_core_full,14,800,8,1169,160,160,8,1.609437912434,1.654254618957,1.489496341197,0.868278506385,2.958357536141,0.550000000000,0.043750000000,984.000000000000,0.000000000000,0.000000000000,0.000000000000,1.562871896529,0.988017054712,0;0;0;0;0;0,entity:0;0;0;0;0;0|value:0;0;0;0;0;0|filler:0;0;0;0;0;0|query_marker:0;0;0;0;0;0|query_entity:0;0;0;0;0;0,structural_core_full,0.000000000000,0,1.562871896529,0.988017054712,0.000000000000,0.000000000000,0.000000000000,0.000000000000,6400,0.000000000000,0.815498138166,0.754677631397,0.531474411971,1.362160282556,0.080256349406,0.044709477084,0.125352756083,0.661426978678,0.641248710483,0.682022616780,0.503421459061,0.100469833519
structural_core_blind,14,800,8,725,160,160,8,1.609437912434,1.609437912434,1.609437912434,1.622942637208,1.637832809953,0.175000000000,0.212500000000,696.000000000000,0.000000000000,0.000000000000,0.000000000000,1.628332189463,1.613092388197,0;0;0;0;0;0,entity:0;0;0;0;0;0|value:0;0;0;0;0;0|filler:0;0;0;0;0;0|query_marker:0;0;0;0;0;0|query_entity:0;0;0;0;0;0,structural_core_blind,0.000000000000,0,1.628332189463,1.613092388197,0.000000000000,0.000000000000,0.000000000000,0.000000000000,6400,0.000000000000,0.800000000000,0.800000000000,0.805294506184,0.811032782549,0.050000000000,0.212500000000,0.044357494275,0.006857494275,0.219357494275,0.219357494275,0.198369018631,0.195499880449
structural_mediation_linear,14,800,8,15650,160,160,8,1.609437912434,1.612095673268,1.626498495439,0.735686140983,3.844364458676,0.637500000000,0.025000000000,6784.000000000000,1.000000000000,0.750000000000,1.000000000000,1.634927659367,0.894125632426,320;320;320;320,entity:160;160;160;0|value:160;160;160;0|filler:0;0;0;0|query_marker:0;0;0;160|query_entity:0;0;0;160,structural_mediation_linear,0.000000000000,0,1.634927659367,0.894125632426,0.000000000000,0.000000000000,0.000000000000,0.000000000000,6400,0.000000000000,0.801075277197,0.805972873930,0.466314217474,1.488748758467,0.035056730648,0.011599243586,0.061497892926,0.695788576759,0.622602552725,0.720788576759,0.530781465992,0.064894723463
structural_mediation_bounded,14,800,8,15650,160,160,8,1.609437912434,1.612075996178,1.624897594527,1.122028018694,2.689427964566,0.518750000000,0.000000000000,6784.000000000000,1.000000000000,0.750000000000,1.000000000000,1.637085220449,1.142969919359,320;320;320;320,entity:160;160;160;0|value:160;160;160;0|filler:0;0;0;0|query_marker:0;0;0;160|query_entity:0;0;0;160,structural_mediation_bounded,0.000000000000,0,1.637085220449,1.142969919359,0.000000000000,0.000000000000,0.000000000000,0.000000000000,6400,1.000000000000,0.801058211426,0.805453792083,0.613857315869,1.183365427598,0.034327102393,0.012235377920,0.126842376715,0.422221882802,0.391907623285,0.422221882802,0.350087192250,0.072202987447
structural_core_full,15,800,8,1169,160,160,8,1.609437912434,1.653851174542,1.704339443847,0.981793698667,3.513465844450,0.518750000000,0.025000000000,984.000000000000,0.000000000000,0.000000000000,0.000000000000,1.641852545911,0.946800937031,0;0;0;0;0;0,entity:0;0;0;0;0;0|value:0;0;0;0;0;0|filler:0;0;0;0;0;0|query_marker:0;0;0;0;0;0|query_entity:0;0;0;0;0;0,structural_core_full,0.000000000000,0,1.641852545911,0.946800937031,0.000000000000,0.000000000000,0.000000000000,0.000000000000,6400,0.000000000000,0.817832931764,0.867689391390,0.563681743077,1.420322697371,0.119315993166,0.262180968173,0.121941223119,0.644900115877,0.618633309765,0.667446251077,0.467197579837,0.063621517670
structural_core_blind,15,800,8,725,160,160,8,1.609437912434,1.609437912434,1.609437912434,1.615404081321,1.644188052454,0.162500000000,0.143750000000,696.000000000000,0.000000000000,0.000000000000,0.000000000000,1.621137508387,1.610916581748,0;0;0;0;0;0,entity:0;0;0;0;0;0|value:0;0;0;0;0;0|filler:0;0;0;0;0;0|query_marker:0;0;0;0;0;0|query_entity:0;0;0;0;0;0,structural_core_blind,0.000000000000,0,1.621137508387,1.610916581748,0.000000000000,0.000000000000,0.000000000000,0.000000000000,6400,0.000000000000,0.800000000000,0.800000000000,0.802416844718,0.813327691559,0.006250000000,0.106250000000,0.060966603869,0.079716603869,0.223466603869,0.223466603869,0.199693614111,0.194238190691
structural_mediation_linear,15,800,8,15650,160,160,8,1.609437912434,1.652060306004,1.568527218675,0.971482351097,3.199207476789,0.512500000000,0.000000000000,6784.000000000000,1.000000000000,0.750000000000,1.000000000000,1.629155653529,1.009512866417,320;320;320;320,entity:160;160;160;0|value:160;160;160;0|filler:0;0;0;0|query_marker:0;0;0;160|query_entity:0;0;0;160,structural_mediation_linear,0.000000000000,0,1.629155653529,1.009512866417,0.000000000000,0.000000000000,0.000000000000,0.000000000000,6400,0.000000000000,0.818247794071,0.786204104237,0.570189797473,1.326855140474,0.145781471136,0.209591215133,0.134193978791,0.586886164092,0.560477154659,0.586886164092,0.434406484695,0.066513939101
structural_mediation_bounded,15,800,8,15650,160,160,8,1.609437912434,1.648406744411,1.567080882969,1.441040988056,3.226607923816,0.318750000000,0.000000000000,6784.000000000000,1.000000000000,0.750000000000,1.000000000000,1.630642860175,1.472147841329,320;320;320;320,entity:160;160;160;0|value:160;160;160;0|filler:0;0;0;0|query_marker:0;0;0;160|query_entity:0;0;0;160,structural_mediation_bounded,0.000000000000,0,1.630642860175,1.472147841329,0.000000000000,0.000000000000,0.000000000000,0.000000000000,6400,1.000000000000,0.816541043678,0.784992206374,0.749713583243,1.166159057372,0.140921531705,0.165138056173,0.026920096127,0.284303617524,0.300645300927,0.284303617524,0.250995628153,0.040490777471
structural_core_full,16,800,8,1169,160,160,8,1.609437912434,1.799093877536,2.036718666667,0.863309493359,3.029505951434,0.543750000000,0.037500000000,984.000000000000,0.000000000000,0.000000000000,0.000000000000,1.582420169974,0.851816973061,0;0;0;0;0;0,entity:0;0;0;0;0;0|value:0;0;0;0;0;0|filler:0;0;0;0;0;0|query_marker:0;0;0;0;0;0|query_entity:0;0;0;0;0;0,structural_core_full,0.000000000000,0,1.582420169974,0.851816973061,0.000000000000,0.000000000000,0.000000000000,0.000000000000,6400,0.000000000000,0.858552598244,0.923821577452,0.544283338204,1.383869854581,0.155134591969,0.183301154545,0.156922482294,0.659849320968,0.681657053859,0.688113770754,0.514185426567,0.093372533639
structural_core_blind,16,800,8,725,160,160,8,1.609437912434,1.609437912434,1.609437912434,1.596717641111,1.642069703808,0.187500000000,0.200000000000,696.000000000000,0.000000000000,0.000000000000,0.000000000000,1.621369857695,1.623494787528,0;0;0;0;0;0,entity:0;0;0;0;0;0|value:0;0;0;0;0;0|filler:0;0;0;0;0;0|query_marker:0;0;0;0;0;0|query_entity:0;0;0;0;0;0,structural_core_blind,0.000000000000,0,1.621369857695,1.623494787528,0.000000000000,0.000000000000,0.000000000000,0.000000000000,6400,0.000000000000,0.800000000000,0.800000000000,0.795036001053,0.812470188887,0.062500000000,0.143750000000,0.031896851132,0.019396851132,0.219396851132,0.219396851132,0.203285286271,0.194568192354
structural_mediation_linear,16,800,8,15650,160,160,8,1.609437912434,1.579782390265,1.843487732566,0.748427049373,3.505859432955,0.550000000000,0.068750000000,6784.000000000000,1.000000000000,0.750000000000,1.000000000000,1.609803779056,0.652065837731,320;320;320;320,entity:160;160;160;0|value:160;160;160;0|filler:0;0;0;0|query_marker:0;0;0;160|query_entity:0;0;0;160,structural_mediation_linear,0.000000000000,0,1.609803779056,0.652065837731,0.000000000000,0.000000000000,0.000000000000,0.000000000000,6400,0.000000000000,0.788360237067,0.884025098154,0.498076781823,1.515111157939,0.001283260826,0.260058265814,0.144190879996,0.704568562910,0.654071573515,0.773318562910,0.534426123262,0.086260439967
structural_mediation_bounded,16,800,8,15650,160,160,8,1.609437912434,1.580384552304,1.827178008951,0.891405803332,2.472290571768,0.587500000000,0.050000000000,6784.000000000000,1.000000000000,0.750000000000,1.000000000000,1.603955173282,0.882733382402,320;320;320;320,entity:160;160;160;0|value:160;160;160;0|filler:0;0;0;0|query_marker:0;0;0;160|query_entity:0;0;0;160,structural_mediation_bounded,0.000000000000,0,1.603955173282,0.882733382402,0.000000000000,0.000000000000,0.000000000000,0.000000000000,6400,1.000000000000,0.788507679323,0.879672662484,0.505448820817,1.194236615338,0.003841632179,0.257644860207,0.158773027116,0.481700567189,0.429498950945,0.523170358690,0.421783748839,0.097132711887
structural_core_full,17,800,8,1169,160,160,8,1.609437912434,1.539225461880,1.851316094213,0.794649199409,2.994373073949,0.593750000000,0.025000000000,984.000000000000,0.000000000000,0.000000000000,0.000000000000,1.583620148473,0.808380644943,0;0;0;0;0;0,entity:0;0;0;0;0;0|value:0;0;0;0;0;0|filler:0;0;0;0;0;0|query_marker:0;0;0;0;0;0|query_entity:0;0;0;0;0;0,structural_core_full,0.000000000000,0,1.583620148473,0.808380644943,0.000000000000,0.000000000000,0.000000000000,0.000000000000,6400,0.000000000000,0.767634316644,0.899289706999,0.498605594287,1.391588817643,0.049006078812,0.237514540282,0.059528360034,0.684589248430,0.631358531119,0.701888244010,0.514771309931,0.098943224546
structural_core_blind,17,800,8,725,160,160,8,1.609437912434,1.609437912434,1.609437912434,1.599407500568,1.667665965980,0.218750000000,0.168750000000,696.000000000000,0.000000000000,0.000000000000,0.000000000000,1.623881943917,1.628064940853,0;0;0;0;0;0,entity:0;0;0;0;0;0|value:0;0;0;0;0;0|filler:0;0;0;0;0;0|query_marker:0;0;0;0;0;0|query_entity:0;0;0;0;0;0,structural_core_blind,0.000000000000,0,1.623881943917,1.628064940853,0.000000000000,0.000000000000,0.000000000000,0.000000000000,6400,0.000000000000,0.800000000000,0.800000000000,0.796322386604,0.820729206996,0.056250000000,0.131250000000,0.000304656425,0.049695343575,0.218445343575,0.218445343575,0.203544398997,0.191340988802
structural_mediation_linear,17,800,8,15650,160,160,8,1.609437912434,1.623442842933,1.723953044086,0.808181428553,3.571586197968,0.581250000000,0.050000000000,6784.000000000000,1.000000000000,0.750000000000,1.000000000000,1.635498719469,0.707115134270,320;320;320;320,entity:160;160;160;0|value:160;160;160;0|filler:0;0;0;0|query_marker:0;0;0;160|query_entity:0;0;0;160,structural_mediation_linear,0.000000000000,0,1.635498719469,0.707115134270,0.000000000000,0.000000000000,0.000000000000,0.000000000000,6400,0.000000000000,0.804572410802,0.844714655607,0.512925787616,1.422989031171,0.051101431664,0.148507329157,0.089961180391,0.665962496947,0.665312565634,0.715962496947,0.528728953842,0.100543859516
structural_mediation_bounded,17,800,8,15650,160,160,8,1.609437912434,1.621682050378,1.721777352755,1.006950738712,2.366102151679,0.612500000000,0.018750000000,6784.000000000000,1.000000000000,0.750000000000,1.000000000000,1.624656672083,1.041117411975,320;320;320;320,entity:160;160;160;0|value:160;160;160;0|filler:0;0;0;0|query_marker:0;0;0;160|query_entity:0;0;0;160,structural_mediation_bounded,0.000000000000,0,1.624656672083,1.041117411975,0.000000000000,0.000000000000,0.000000000000,0.000000000000,6400,1.000000000000,0.804027926362,0.843776794818,0.548645490069,1.131249838267,0.049495405458,0.147059274409,0.184527183542,0.481108862079,0.427972816458,0.484222169422,0.392421745883,0.110462298484
structural_core_full,18,800,8,1169,160,160,8,1.609437912434,1.677831397539,1.557041982396,0.978391629917,3.270619187476,0.537500000000,0.043750000000,984.000000000000,0.000000000000,0.000000000000,0.000000000000,1.562736299285,0.910874626671,0;0;0;0;0;0,entity:0;0;0;0;0;0|value:0;0;0;0;0;0|filler:0;0;0;0;0;0|query_marker:0;0;0;0;0;0|query_entity:0;0;0;0;0;0,structural_core_full,0.000000000000,0,1.562736299285,0.910874626671,0.000000000000,0.000000000000,0.000000000000,0.000000000000,6400,0.000000000000,0.827386806581,0.782377394935,0.570669132601,1.381591969049,0.093194101910,0.055261312662,0.150118987882,0.644879475459,0.667340298357,0.688629475459,0.491536137649,0.093874287492
structural_core_blind,18,800,8,725,160,160,8,1.609437912434,1.609437912434,1.609437912434,1.615635186224,1.646066241055,0.243750000000,0.125000000000,696.000000000000,0.000000000000,0.000000000000,0.000000000000,1.635254296881,1.610903680225,0;0;0;0;0;0,entity:0;0;0;0;0;0|value:0;0;0;0;0;0|filler:0;0;0;0;0;0|query_marker:0;0;0;0;0;0|query_entity:0;0;0;0;0;0,structural_core_blind,0.000000000000,0,1.635254296881,1.610903680225,0.000000000000,0.000000000000,0.000000000000,0.000000000000,6400,0.000000000000,0.800000000000,0.800000000000,0.802436082369,0.814036678248,0.018750000000,0.112500000000,0.025344405615,0.093405594385,0.218405594385,0.218405594385,0.199800702458,0.194000404518
structural_mediation_linear,18,800,8,15650,160,160,8,1.609437912434,1.633759518005,1.502495718931,0.799996563396,3.633603654646,0.543750000000,0.062500000000,6784.000000000000,1.000000000000,0.750000000000,1.000000000000,1.656976746542,0.809665248959,320;320;320;320,entity:160;160;160;0|value:160;160;160;0|filler:0;0;0;0|query_marker:0;0;0;160|query_entity:0;0;0;160,structural_mediation_linear,0.000000000000,0,1.656976746542,0.809665248959,0.000000000000,0.000000000000,0.000000000000,0.000000000000,6400,0.000000000000,0.812307048894,0.751671548287,0.530949587261,1.468202514593,0.106841059206,0.258625320428,0.103545591806,0.674455968369,0.632166053807,0.736955968369,0.507331282586,0.088137833044
structural_mediation_bounded,18,800,8,15650,160,160,8,1.609437912434,1.629792562729,1.510407715320,1.120016218448,2.577479732810,0.531250000000,0.000000000000,6784.000000000000,1.000000000000,0.750000000000,1.000000000000,1.632236460935,1.139400650652,320;320;320;320,entity:160;160;160;0|value:160;160;160;0|filler:0;0;0;0|query_marker:0;0;0;160|query_entity:0;0;0;160,structural_mediation_bounded,0.000000000000,0,1.632236460935,1.139400650652,0.000000000000,0.000000000000,0.000000000000,0.000000000000,6400,1.000000000000,0.810199176111,0.755759549317,0.610601317549,1.133592020140,0.102069352761,0.263057122747,0.150015349678,0.402943199874,0.381234650322,0.402943199874,0.347537993118,0.089395305863
structural_core_full,19,800,8,1169,160,160,8,1.609437912434,1.756738369692,1.760700614068,0.817025567178,3.225590705442,0.575000000000,0.006250000000,984.000000000000,0.000000000000,0.000000000000,0.000000000000,1.507540578379,0.989610147136,0;0;0;0;0;0,entity:0;0;0;0;0;0|value:0;0;0;0;0;0|filler:0;0;0;0;0;0|query_marker:0;0;0;0;0;0|query_entity:0;0;0;0;0;0,structural_core_full,0.000000000000,0,1.507540578379,0.989610147136,0.000000000000,0.000000000000,0.000000000000,0.000000000000,6400,0.000000000000,0.852288444118,0.872907429106,0.514592107688,1.472666414495,0.120670117040,0.212072303850,0.107729028105,0.720657580455,0.661139058928,0.726907580455,0.517734236656,0.066883279948
structural_core_blind,19,800,8,725,160,160,8,1.609437912434,1.609437912434,1.609437912434,1.612663421720,1.628192349264,0.212500000000,0.212500000000,696.000000000000,0.000000000000,0.000000000000,0.000000000000,1.621917237993,1.574536423154,0;0;0;0;0;0,entity:0;0;0;0;0;0|value:0;0;0;0;0;0|filler:0;0;0;0;0;0|query_marker:0;0;0;0;0;0|query_entity:0;0;0;0;0;0,structural_core_blind,0.000000000000,0,1.621917237993,1.574536423154,0.000000000000,0.000000000000,0.000000000000,0.000000000000,6400,0.000000000000,0.800000000000,0.800000000000,0.801457227958,0.807148454680,0.025000000000,0.143750000000,0.033996168670,0.033996168670,0.246496168670,0.246496168670,0.200931479352,0.198085865991
structural_mediation_linear,19,800,8,15650,160,160,8,1.609437912434,1.605951546420,1.736058334002,0.751222003705,3.402734803736,0.568750000000,0.025000000000,6784.000000000000,1.000000000000,0.750000000000,1.000000000000,1.574540019841,0.758878525640,320;320;320;320,entity:160;160;160;0|value:160;160;160;0|filler:0;0;0;0|query_marker:0;0;0;160|query_entity:0;0;0;160,structural_mediation_linear,0.000000000000,0,1.574540019841,0.758878525640,0.000000000000,0.000000000000,0.000000000000,0.000000000000,6400,0.000000000000,0.799742126817,0.844580809251,0.490892223673,1.524840858279,0.015145093126,0.224371227219,0.117710080624,0.745645532013,0.683368337614,0.770645532013,0.549128948740,0.078285060415
structural_mediation_bounded,19,800,8,15650,160,160,8,1.609437912434,1.605696329224,1.729740136317,1.087020713361,2.485857965599,0.531250000000,0.037500000000,6784.000000000000,1.000000000000,0.750000000000,1.000000000000,1.596542920833,1.095041625091,320;320;320;320,entity:160;160;160;0|value:160;160;160;0|filler:0;0;0;0|query_marker:0;0;0;160|query_entity:0;0;0;160,structural_mediation_bounded,0.000000000000,0,1.596542920833,1.095041625091,0.000000000000,0.000000000000,0.000000000000,0.000000000000,6400,1.000000000000,0.799551404449,0.842413116846,0.590447356303,1.122695107814,0.013305530081,0.222246357939,0.124243696981,0.373693000196,0.411714891037,0.411193000196,0.367106537378,0.098139811793
structural_core_full,20,800,8,1169,160,160,8,1.609437912434,1.638939605542,1.672201115628,0.819556505927,3.304350606372,0.556250000000,0.018750000000,984.000000000000,0.000000000000,0.000000000000,0.000000000000,1.559029070139,0.912367907913,0;0;0;0;0;0,entity:0;0;0;0;0;0|value:0;0;0;0;0;0|filler:0;0;0;0;0;0|query_marker:0;0;0;0;0;0|query_entity:0;0;0;0;0;0,structural_core_full,0.000000000000,0,1.559029070139,0.912367907913,0.000000000000,0.000000000000,0.000000000000,0.000000000000,6400,0.000000000000,0.807340496572,0.827608410180,0.501500356898,1.454378698366,0.054793650416,0.129038135332,0.110132678772,0.690407939014,0.650749897109,0.700342749723,0.521910870896,0.067769949110
structural_core_blind,20,800,8,725,160,160,8,1.609437912434,1.609437912434,1.609437912434,1.599170656657,1.640918432054,0.218750000000,0.181250000000,696.000000000000,0.000000000000,0.000000000000,0.000000000000,1.619365250347,1.603827210354,0;0;0;0;0;0,entity:0;0;0;0;0;0|value:0;0;0;0;0;0|filler:0;0;0;0;0;0|query_marker:0;0;0;0;0;0|query_entity:0;0;0;0;0;0,structural_core_blind,0.000000000000,0,1.619365250347,1.603827210354,0.000000000000,0.000000000000,0.000000000000,0.000000000000,6400,0.000000000000,0.800000000000,0.800000000000,0.796139108543,0.811795581477,0.068750000000,0.137500000000,0.001318820513,0.036181179487,0.217431179487,0.217431179487,0.202663825874,0.194835589407
structural_mediation_linear,20,800,8,15650,160,160,8,1.609437912434,1.611545353311,1.658130411432,0.849802738581,3.464037281012,0.587500000000,0.037500000000,6784.000000000000,1.000000000000,0.750000000000,1.000000000000,1.645067637431,0.924742267364,320;320;320;320,entity:160;160;160;0|value:160;160;160;0|filler:0;0;0;0|query_marker:0;0;0;160|query_entity:0;0;0;160,structural_mediation_linear,0.000000000000,0,1.645067637431,0.924742267364,0.000000000000,0.000000000000,0.000000000000,0.000000000000,6400,0.000000000000,0.801069780024,0.816862030925,0.509982436856,1.417267593121,0.009465404269,0.096489907190,0.065747309834,0.654605109736,0.641499782543,0.692105109736,0.518665067418,0.085274585571
structural_mediation_bounded,20,800,8,15650,160,160,8,1.609437912434,1.611871133254,1.653436078412,1.412681533222,2.656544645643,0.406250000000,0.000000000000,6784.000000000000,1.000000000000,0.750000000000,1.000000000000,1.650639835311,1.357281900868,320;320;320;320,entity:160;160;160;0|value:160;160;160;0|filler:0;0;0;0|query_marker:0;0;0;160|query_entity:0;0;0;160,structural_mediation_bounded,0.000000000000,0,1.650639835311,1.357281900868,0.000000000000,0.000000000000,0.000000000000,0.000000000000,6400,1.000000000000,0.801183646588,0.815226298496,0.711857157958,1.151127522741,0.007986990026,0.094996272993,0.017454574417,0.407979892089,0.406594427055,0.407979892089,0.298566315848,0.079946756392
structural_core_full,21,800,8,1169,160,160,8,1.609437912434,1.609111408153,1.576646849066,0.752575273668,3.113652602069,0.656250000000,0.062500000000,984.000000000000,0.000000000000,0.000000000000,0.000000000000,1.625941171576,0.820183587795,0;0;0;0;0;0,entity:0;0;0;0;0;0|value:0;0;0;0;0;0|filler:0;0;0;0;0;0|query_marker:0;0;0;0;0;0|query_entity:0;0;0;0;0;0,structural_core_full,0.000000000000,0,1.625941171576,0.820183587795,0.000000000000,0.000000000000,0.000000000000,0.000000000000,6400,0.000000000000,0.797078815543,0.785053661058,0.441750016806,1.340142599066,0.023058175151,0.046330043041,0.049034583035,0.598496446902,0.643474150951,0.658900286628,0.544367912377,0.098477207079
structural_core_blind,21,800,8,725,160,160,8,1.609437912434,1.609437912434,1.609437912434,1.599806573602,1.662924514138,0.200000000000,0.137500000000,696.000000000000,0.000000000000,0.000000000000,0.000000000000,1.622968722743,1.608363162070,0;0;0;0;0;0,entity:0;0;0;0;0;0|value:0;0;0;0;0;0|filler:0;0;0;0;0;0|query_marker:0;0;0;0;0;0|query_entity:0;0;0;0;0;0,structural_core_blind,0.000000000000,0,1.622968722743,1.608363162070,0.000000000000,0.000000000000,0.000000000000,0.000000000000,6400,0.000000000000,0.800000000000,0.800000000000,0.796635512406,0.819968801473,0.068750000000,0.118750000000,0.028357672302,0.090857672302,0.228357672302,0.228357672302,0.203449819481,0.191783174947
structural_mediation_linear,21,800,8,15650,160,160,8,1.609437912434,1.650267768574,1.528103994639,0.795465546913,3.728023551476,0.556250000000,0.043750000000,6784.000000000000,1.000000000000,0.750000000000,1.000000000000,1.651678874483,0.840064227510,320;320;320;320,entity:160;160;160;0|value:160;160;160;0|filler:0;0;0;0|query_marker:0;0;0;160|query_entity:0;0;0;160,structural_mediation_linear,0.000000000000,0,1.651678874483,0.840064227510,0.000000000000,0.000000000000,0.000000000000,0.000000000000,6400,0.000000000000,0.816924903515,0.762876617619,0.499809521002,1.506906809546,0.156018883673,0.256998317986,0.112593104847,0.697769569188,0.668843104847,0.741519569188,0.541017482381,0.069493794603
structural_mediation_bounded,21,800,8,15650,160,160,8,1.609437912434,1.648127441898,1.529374627079,1.385962263428,3.146329355864,0.300000000000,0.000000000000,6784.000000000000,1.000000000000,0.750000000000,1.000000000000,1.636453676967,1.324349569054,320;320;320;320,entity:160;160;160;0|value:160;160;160;0|filler:0;0;0;0|query_marker:0;0;0;160|query_entity:0;0;0;160,structural_mediation_bounded,0.000000000000,0,1.636453676967,1.324349569054,0.000000000000,0.000000000000,0.000000000000,0.000000000000,6400,1.000000000000,0.816110958151,0.763573212015,0.728091980135,1.177044680026,0.154823234706,0.258192377750,0.077703468527,0.302513334365,0.300005644307,0.302513334365,0.268196487555,0.044353584245
structural_core_full,22,800,8,1169,160,160,8,1.609437912434,1.636598144139,1.686051172658,0.790815651710,3.414344379775,0.587500000000,0.043750000000,984.000000000000,0.000000000000,0.000000000000,0.000000000000,1.593058627568,0.759882234740,0;0;0;0;0;0,entity:0;0;0;0;0;0|value:0;0;0;0;0;0|filler:0;0;0;0;0;0|query_marker:0;0;0;0;0;0|query_entity:0;0;0;0;0;0,structural_core_full,0.000000000000,0,1.593058627568,0.759882234740,0.000000000000,0.000000000000,0.000000000000,0.000000000000,6400,0.000000000000,0.815211375579,0.832957417985,0.493820873962,1.480261529238,0.132194139016,0.156300910194,0.115206079693,0.689533785348,0.688201296523,0.733283785348,0.543582595960,0.072539366561
structural_core_blind,22,800,8,725,160,160,8,1.609437912434,1.609437912434,1.609437912434,1.606137422591,1.665932601327,0.193750000000,0.193750000000,696.000000000000,0.000000000000,0.000000000000,0.000000000000,1.631686449712,1.594160672696,0;0;0;0;0;0,entity:0;0;0;0;0;0|value:0;0;0;0;0;0|filler:0;0;0;0;0;0|query_marker:0;0;0;0;0;0|query_entity:0;0;0;0;0;0,structural_core_blind,0.000000000000,0,1.631686449712,1.594160672696,0.000000000000,0.000000000000,0.000000000000,0.000000000000,6400,0.000000000000,0.800000000000,0.800000000000,0.798727321313,0.819867496824,0.037500000000,0.112500000000,0.041650380799,0.041650380799,0.235400380799,0.235400380799,0.203389302751,0.192819214995
structural_mediation_linear,22,800,8,15650,160,160,8,1.609437912434,1.614259140904,1.645424385676,0.923566575896,3.605224833049,0.593750000000,0.006250000000,6784.000000000000,1.000000000000,0.750000000000,1.000000000000,1.604846193022,0.952279025081,320;320;320;320,entity:160;160;160;0|value:160;160;160;0|filler:0;0;0;0|query_marker:0;0;0;160|query_entity:0;0;0;160,structural_mediation_linear,0.000000000000,0,1.604846193022,0.952279025081,0.000000000000,0.000000000000,0.000000000000,0.000000000000,6400,0.000000000000,0.800502146256,0.819294777494,0.517185959134,1.428736074919,0.011750558767,0.202628417939,0.059817100282,0.671383196433,0.611453822035,0.670012057804,0.486337711355,0.056047703232
structural_mediation_bounded,22,800,8,15650,160,160,8,1.609437912434,1.614481028687,1.637707363556,1.347631010119,2.915799666678,0.343750000000,0.000000000000,6784.000000000000,1.000000000000,0.750000000000,1.000000000000,1.601046336294,1.384568415023,320;320;320;320,entity:160;160;160;0|value:160;160;160;0|filler:0;0;0;0|query_marker:0;0;0;160|query_entity:0;0;0;160,structural_mediation_bounded,0.000000000000,0,1.601046336294,1.384568415023,0.000000000000,0.000000000000,0.000000000000,0.000000000000,6400,1.000000000000,0.800693726242,0.815499110424,0.705158379849,1.165771963896,0.016528207933,0.197262363272,0.077409873801,0.348367263749,0.352753176683,0.348367263749,0.287882960894,0.057667132251
structural_core_full,23,800,8,1169,160,160,8,1.609437912434,1.692667331577,1.678304879753,0.908019318407,2.902246013487,0.575000000000,0.056250000000,984.000000000000,0.000000000000,0.000000000000,0.000000000000,1.675087746734,0.811152039570,0;0;0;0;0;0,entity:0;0;0;0;0;0|value:0;0;0;0;0;0|filler:0;0;0;0;0;0|query_marker:0;0;0;0;0;0|query_entity:0;0;0;0;0;0,structural_core_full,0.000000000000,0,1.675087746734,0.811152039570,0.000000000000,0.000000000000,0.000000000000,0.000000000000,6400,0.000000000000,0.826288289580,0.823472210091,0.544033984480,1.365496585290,0.051803731572,0.079724001892,0.133809578179,0.647109392319,0.674275808779,0.693042920684,0.510344194527,0.102884183072
structural_core_blind,23,800,8,725,160,160,8,1.609437912434,1.609437912434,1.609437912434,1.611720752909,1.631346987680,0.218750000000,0.181250000000,696.000000000000,0.000000000000,0.000000000000,0.000000000000,1.626372824449,1.590755617848,0;0;0;0;0;0,entity:0;0;0;0;0;0|value:0;0;0;0;0;0|filler:0;0;0;0;0;0|query_marker:0;0;0;0;0;0|query_entity:0;0;0;0;0;0,structural_core_blind,0.000000000000,0,1.626372824449,1.590755617848,0.000000000000,0.000000000000,0.000000000000,0.000000000000,6400,0.000000000000,0.800000000000,0.800000000000,0.800911839126,0.808718406304,0.018750000000,0.150000000000,0.004909172289,0.042409172289,0.223659172289,0.223659172289,0.200640565404,0.196737281815
structural_mediation_linear,23,800,8,15650,160,160,8,1.609437912434,1.609363706621,1.619603351779,0.715078491221,3.045135808724,0.625000000000,0.037500000000,6784.000000000000,1.000000000000,0.750000000000,1.000000000000,1.613562404628,0.806159460421,320;320;320;320,entity:160;160;160;0|value:160;160;160;0|filler:0;0;0;0|query_marker:0;0;0;160|query_entity:0;0;0;160,structural_mediation_linear,0.000000000000,0,1.613562404628,0.806159460421,0.000000000000,0.000000000000,0.000000000000,0.000000000000,6400,0.000000000000,0.800574374222,0.806295967193,0.444590808796,1.377543614345,0.027574166534,0.061426189535,0.062567833492,0.667435023611,0.634565736641,0.704935023611,0.547461248381,0.109776610921
structural_mediation_bounded,23,800,8,15650,160,160,8,1.609437912434,1.608239067730,1.617865756946,1.238119812598,2.385568432470,0.493750000000,0.031250000000,6784.000000000000,1.000000000000,0.750000000000,1.000000000000,1.609402939398,1.132033917216,320;320;320;320,entity:160;160;160;0|value:160;160;160;0|filler:0;0;0;0|query_marker:0;0;0;160|query_entity:0;0;0;160,structural_mediation_bounded,0.000000000000,0,1.609402939398,1.132033917216,0.000000000000,0.000000000000,0.000000000000,0.000000000000,6400,1.000000000000,0.799996823460,0.805369799728,0.651395688761,1.089544978135,0.025346237207,0.059512321326,0.114204072852,0.387008096735,0.403568331404,0.418258096735,0.333478170436,0.113046055907
structural_core_full,24,800,8,1169,160,160,8,1.609437912434,1.956082103785,1.924889475569,0.741384429728,3.307002782129,0.618750000000,0.018750000000,984.000000000000,0.000000000000,0.000000000000,0.000000000000,1.656359327007,0.827393572847,0;0;0;0;0;0,entity:0;0;0;0;0;0|value:0;0;0;0;0;0|filler:0;0;0;0;0;0|query_marker:0;0;0;0;0;0|query_entity:0;0;0;0;0;0,structural_core_full,0.000000000000,0,1.656359327007,0.827393572847,0.000000000000,0.000000000000,0.000000000000,0.000000000000,6400,0.000000000000,0.909711827031,0.913019193636,0.448355433266,1.454249059655,0.222560714527,0.274919161398,0.080321541356,0.697782978857,0.637164825125,0.716532978857,0.545171361107,0.075354673028
structural_core_blind,24,800,8,725,160,160,8,1.609437912434,1.609437912434,1.609437912434,1.606236341940,1.627664151842,0.200000000000,0.200000000000,696.000000000000,0.000000000000,0.000000000000,0.000000000000,1.596792766603,1.610861951387,0;0;0;0;0;0,entity:0;0;0;0;0;0|value:0;0;0;0;0;0|filler:0;0;0;0;0;0|query_marker:0;0;0;0;0;0|query_entity:0;0;0;0;0;0,structural_core_blind,0.000000000000,0,1.596792766603,1.610861951387,0.000000000000,0.000000000000,0.000000000000,0.000000000000,6400,0.000000000000,0.800000000000,0.800000000000,0.798812255662,0.806978723917,0.056250000000,0.131250000000,0.015921186872,0.015921186872,0.215921186872,0.215921186872,0.201206315877,0.197123081749
structural_mediation_linear,24,800,8,15650,160,160,8,1.609437912434,1.624592532240,1.610747039516,0.736006634404,3.206590427407,0.606250000000,0.043750000000,6784.000000000000,1.000000000000,0.750000000000,1.000000000000,1.614359174009,0.889688389241,320;320;320;320,entity:160;160;160;0|value:160;160;160;0|filler:0;0;0;0|query_marker:0;0;0;160|query_entity:0;0;0;160,structural_mediation_linear,0.000000000000,0,1.614359174009,0.889688389241,0.000000000000,0.000000000000,0.000000000000,0.000000000000,6400,0.000000000000,0.804389150887,0.804046749349,0.459163037221,1.455970642890,0.031506907713,0.097942846414,0.091487039065,0.706893769628,0.671760640626,0.750643769628,0.551934187627,0.088503332189
structural_mediation_bounded,24,800,8,15650,160,160,8,1.609437912434,1.623414392257,1.610426613133,1.096761708615,2.629634065926,0.506250000000,0.000000000000,6784.000000000000,1.000000000000,0.750000000000,1.000000000000,1.617267826877,1.072389921297,320;320;320;320,entity:160;160;160;0|value:160;160;160;0|filler:0;0;0;0|query_marker:0;0;0;160|query_entity:0;0;0;160,structural_mediation_bounded,0.000000000000,0,1.617267826877,1.072389921297,0.000000000000,0.000000000000,0.000000000000,0.000000000000,6400,1.000000000000,0.804024703674,0.803682623903,0.602393268592,1.170277368458,0.030158443996,0.096742177626,0.126515421134,0.441696691939,0.379734578866,0.441696691939,0.353810727071,0.081126045055
structural_core_full,25,800,8,1169,160,160,8,1.609437912434,1.638252223454,1.544333694583,0.811032655549,2.700452322150,0.593750000000,0.050000000000,984.000000000000,0.000000000000,0.000000000000,0.000000000000,1.559913779485,0.887281282968,0;0;0;0;0;0,entity:0;0;0;0;0;0|value:0;0;0;0;0;0|filler:0;0;0;0;0;0|query_marker:0;0;0;0;0;0|query_entity:0;0;0;0;0;0,structural_core_full,0.000000000000,0,1.559913779485,0.887281282968,0.000000000000,0.000000000000,0.000000000000,0.000000000000,6400,0.000000000000,0.806114731039,0.782074740641,0.509744204683,1.338006482702,0.072427735247,0.081215463011,0.106436871665,0.649852400984,0.669515058971,0.699852400984,0.522062011195,0.120911613908
structural_core_blind,25,800,8,725,160,160,8,1.609437912434,1.609437912434,1.609437912434,1.607278508155,1.628495909870,0.225000000000,0.168750000000,696.000000000000,0.000000000000,0.000000000000,0.000000000000,1.652788915679,1.597589811919,0;0;0;0;0;0,entity:0;0;0;0;0;0|value:0;0;0;0;0;0|filler:0;0;0;0;0;0|query_marker:0;0;0;0;0;0|query_entity:0;0;0;0;0;0,structural_core_blind,0.000000000000,0,1.652788915679,1.597589811919,0.000000000000,0.000000000000,0.000000000000,0.000000000000,6400,0.000000000000,0.800000000000,0.800000000000,0.799108209871,0.807471336606,0.006250000000,0.143750000000,0.001782518526,0.058032518526,0.226782518526,0.226782518526,0.201036726319,0.196855162951
structural_mediation_linear,25,800,8,15650,160,160,8,1.609437912434,1.612032567049,1.572773152606,0.770013638567,3.631284982823,0.506250000000,0.043750000000,6784.000000000000,1.000000000000,0.750000000000,1.000000000000,1.617021238031,0.790706170749,320;320;320;320,entity:160;160;160;0|value:160;160;160;0|filler:0;0;0;0|query_marker:0;0;0;160|query_entity:0;0;0;160,structural_mediation_linear,0.000000000000,0,1.617021238031,0.790706170749,0.000000000000,0.000000000000,0.000000000000,0.000000000000,6400,0.000000000000,0.801416536158,0.785544282838,0.515976668719,1.532094437474,0.075297804172,0.169696540953,0.158204760768,0.735716124675,0.645463699384,0.763395847385,0.512433415171,0.066805188885
structural_mediation_bounded,25,800,8,15650,160,160,8,1.609437912434,1.611998072619,1.572985496715,1.079059151928,2.497137383755,0.531250000000,0.000000000000,6784.000000000000,1.000000000000,0.750000000000,1.000000000000,1.615891091535,0.979562987579,320;320;320;320,entity:160;160;160;0|value:160;160;160;0|filler:0;0;0;0|query_marker:0;0;0;160|query_entity:0;0;0;160,structural_mediation_bounded,0.000000000000,0,1.615891091535,0.979562987579,0.000000000000,0.000000000000,0.000000000000,0.000000000000,6400,1.000000000000,0.801396208715,0.785614590338,0.585934922659,1.166787047980,0.074847555521,0.170126508706,0.113783267831,0.474124777328,0.417466732169,0.474124777328,0.370881229694,0.090335893946
structural_core_full,26,800,8,1169,160,160,8,1.609437912434,1.662414112278,1.543371315663,0.804355454280,3.000866859956,0.587500000000,0.037500000000,984.000000000000,0.000000000000,0.000000000000,0.000000000000,1.564515056391,0.820879225006,0;0;0;0;0;0,entity:0;0;0;0;0;0|value:0;0;0;0;0;0|filler:0;0;0;0;0;0|query_marker:0;0;0;0;0;0|query_entity:0;0;0;0;0;0,structural_core_full,0.000000000000,0,1.564515056391,0.820879225006,0.000000000000,0.000000000000,0.000000000000,0.000000000000,6400,0.000000000000,0.815297081224,0.778687551166,0.496133069844,1.368028926738,0.095239901012,0.034382470653,0.095806981034,0.637622616260,0.663581562324,0.675122616260,0.526857604852,0.094546235894
structural_core_blind,26,800,8,725,160,160,8,1.609437912434,1.609437912434,1.609437912434,1.602271451616,1.636657629104,0.256250000000,0.181250000000,696.000000000000,0.000000000000,0.000000000000,0.000000000000,1.617169565765,1.609093160755,0;0;0;0;0;0,entity:0;0;0;0;0;0|value:0;0;0;0;0;0|filler:0;0;0;0;0;0|query_marker:0;0;0;0;0;0|query_entity:0;0;0;0;0;0,structural_core_blind,0.000000000000,0,1.617169565765,1.609093160755,0.000000000000,0.000000000000,0.000000000000,0.000000000000,6400,0.000000000000,0.800000000000,0.800000000000,0.797101147143,0.810316961520,0.025000000000,0.162500000000,0.039396008773,0.035603991227,0.216853991227,0.216853991227,0.201983797880,0.195375890691
structural_mediation_linear,26,800,8,15650,160,160,8,1.609437912434,1.651604373534,1.703636822273,1.024649795390,3.283736334665,0.550000000000,0.075000000000,6784.000000000000,1.000000000000,0.750000000000,1.000000000000,1.611151405244,0.954590846027,320;320;320;320,entity:160;160;160;0|value:160;160;160;0|filler:0;0;0;0|query_marker:0;0;0;160|query_entity:0;0;0;160,structural_mediation_linear,0.000000000000,0,1.611151405244,0.954590846027,0.000000000000,0.000000000000,0.000000000000,0.000000000000,6400,0.000000000000,0.816239971837,0.835431182231,0.581819045135,1.309570529506,0.097675716067,0.097843455092,0.098530411675,0.565962406466,0.617393213892,0.640962406466,0.459245100303,0.100309440744
structural_mediation_bounded,26,800,8,15650,160,160,8,1.609437912434,1.649318335836,1.699449241458,1.002923117830,2.639292174049,0.556250000000,0.018750000000,6784.000000000000,1.000000000000,0.750000000000,1.000000000000,1.615319311149,1.027055571747,320;320;320;320,entity:160;160;160;0|value:160;160;160;0|filler:0;0;0;0|query_marker:0;0;0;160|query_entity:0;0;0;160,structural_mediation_bounded,0.000000000000,0,1.615319311149,1.027055571747,0.000000000000,0.000000000000,0.000000000000,0.000000000000,6400,1.000000000000,0.815356337848,0.833932438709,0.558562797836,1.156778917949,0.095437753661,0.095558613727,0.163021527788,0.402886278336,0.393228472212,0.421636278336,0.381965582859,0.089278284065
structural_core_full,27,800,8,1169,160,160,8,1.609437912434,1.716122466529,1.830863627685,0.809078892070,3.037619768591,0.581250000000,0.062500000000,984.000000000000,0.000000000000,0.000000000000,0.000000000000,1.722335293688,0.764240949673,0;0;0;0;0;0,entity:0;0;0;0;0;0|value:0;0;0;0;0;0|filler:0;0;0;0;0;0|query_marker:0;0;0;0;0;0|query_entity:0;0;0;0;0;0,structural_core_full,0.000000000000,0,1.722335293688,0.764240949673,0.000000000000,0.000000000000,0.000000000000,0.000000000000,6400,0.000000000000,0.837749014837,0.886049083053,0.500519393527,1.403301203354,0.173248576341,0.228503783735,0.092208326506,0.681216378232,0.646030013331,0.743716378232,0.522732679670,0.117126258253
structural_core_blind,27,800,8,725,160,160,8,1.609437912434,1.609437912434,1.609437912434,1.596108004837,1.637988660553,0.237500000000,0.162500000000,696.000000000000,0.000000000000,0.000000000000,0.000000000000,1.630520312576,1.584220041659,0;0;0;0;0;0,entity:0;0;0;0;0;0|value:0;0;0;0;0;0|filler:0;0;0;0;0;0|query_marker:0;0;0;0;0;0|query_entity:0;0;0;0;0;0,structural_core_blind,0.000000000000,0,1.630520312576,1.584220041659,0.000000000000,0.000000000000,0.000000000000,0.000000000000,6400,0.000000000000,0.800000000000,0.800000000000,0.795013848619,0.810274621961,0.062500000000,0.062500000000,0.016144361747,0.058855638253,0.221355638253,0.221355638253,0.204009884369,0.196379497698
structural_mediation_linear,27,800,8,15650,160,160,8,1.609437912434,1.650271738984,1.640178981527,0.759225269758,3.248774146772,0.531250000000,0.062500000000,6784.000000000000,1.000000000000,0.750000000000,1.000000000000,1.679154541125,0.794325628646,320;320;320;320,entity:160;160;160;0|value:160;160;160;0|filler:0;0;0;0|query_marker:0;0;0;160|query_entity:0;0;0;160,structural_mediation_linear,0.000000000000,0,1.679154541125,0.794325628646,0.000000000000,0.000000000000,0.000000000000,0.000000000000,6400,0.000000000000,0.815629431173,0.814509175710,0.487816377819,1.433421514586,0.071886420149,0.106926141247,0.128970763484,0.682717784897,0.639194299949,0.737728424673,0.530818890920,0.105269985978
structural_mediation_bounded,27,800,8,15650,160,160,8,1.609437912434,1.648049404093,1.636948144395,1.426317493571,3.235248542030,0.237500000000,0.000000000000,6784.000000000000,1.000000000000,0.750000000000,1.000000000000,1.644586380941,1.442892315436,320;320;320;320,entity:160;160;160;0|value:160;160;160;0|filler:0;0;0;0|query_marker:0;0;0;160|query_entity:0;0;0;160,structural_mediation_bounded,0.000000000000,0,1.644586380941,1.442892315436,0.000000000000,0.000000000000,0.000000000000,0.000000000000,6400,1.000000000000,0.814803028565,0.812952861623,0.753530197307,1.160514020621,0.069924761522,0.104603835462,0.058424069057,0.257096532954,0.258717203653,0.257096532954,0.243937729080,0.039805959751
structural_core_full,28,800,8,1169,160,160,8,1.609437912434,1.618303598838,1.731139894705,0.860438084216,3.560392892928,0.550000000000,0.025000000000,984.000000000000,0.000000000000,0.000000000000,0.000000000000,1.600560045756,0.737569366849,0;0;0;0;0;0,entity:0;0;0;0;0;0|value:0;0;0;0;0;0|filler:0;0;0;0;0;0|query_marker:0;0;0;0;0;0|query_entity:0;0;0;0;0;0,structural_core_full,0.000000000000,0,1.600560045756,0.737569366849,0.000000000000,0.000000000000,0.000000000000,0.000000000000,6400,0.000000000000,0.798831431978,0.852207465905,0.526327196324,1.456824164213,0.082835886816,0.147252150046,0.145116465356,0.693391794975,0.664807082671,0.718391794975,0.517991809105,0.075200705801
structural_core_blind,28,800,8,725,160,160,8,1.609437912434,1.609437912434,1.609437912434,1.603255246894,1.632652591014,0.200000000000,0.168750000000,696.000000000000,0.000000000000,0.000000000000,0.000000000000,1.630748852479,1.621021570171,0;0;0;0;0;0,entity:0;0;0;0;0;0|value:0;0;0;0;0;0|filler:0;0;0;0;0;0|query_marker:0;0;0;0;0;0|query_entity:0;0;0;0;0;0,structural_core_blind,0.000000000000,0,1.630748852479,1.621021570171,0.000000000000,0.000000000000,0.000000000000,0.000000000000,6400,0.000000000000,0.800000000000,0.800000000000,0.797649689561,0.808787702466,0.056250000000,0.143750000000,0.011098242834,0.042348242834,0.211098242834,0.211098242834,0.201705339776,0.196136333323
structural_mediation_linear,28,800,8,15650,160,160,8,1.609437912434,1.640485162752,1.557659027285,0.853581849428,3.347783647076,0.568750000000,0.031250000000,6784.000000000000,1.000000000000,0.750000000000,1.000000000000,1.654613969486,0.696748021308,320;320;320;320,entity:160;160;160;0|value:160;160;160;0|filler:0;0;0;0|query_marker:0;0;0;160|query_entity:0;0;0;160,structural_mediation_linear,0.000000000000,0,1.654613969486,0.696748021308,0.000000000000,0.000000000000,0.000000000000,0.000000000000,6400,0.000000000000,0.813466718527,0.774903518662,0.512442170304,1.458792579712,0.059348901207,0.105017631589,0.100363158488,0.702473296497,0.669113158488,0.733723296497,0.528856421289,0.083176139588
structural_mediation_bounded,28,800,8,15650,160,160,8,1.609437912434,1.638262846963,1.560706411263,1.265499583781,2.706115011601,0.456250000000,0.000000000000,6784.000000000000,1.000000000000,0.750000000000,1.000000000000,1.645572332679,1.280872622043,320;320;320;320,entity:160;160;160;0|value:160;160;160;0|filler:0;0;0;0|query_marker:0;0;0;160|query_entity:0;0;0;160,structural_mediation_bounded,0.000000000000,0,1.645572332679,1.280872622043,0.000000000000,0.000000000000,0.000000000000,0.000000000000,6400,1.000000000000,0.812400615762,0.776541646211,0.658808655176,1.148545851252,0.057546873651,0.106550322317,0.066180171288,0.389369639812,0.395871601563,0.389369639812,0.321472719184,0.073723219663
structural_core_full,29,800,8,1169,160,160,8,1.609437912434,1.682904168312,1.808573106299,0.724518668590,3.196756446168,0.612500000000,0.043750000000,984.000000000000,0.000000000000,0.000000000000,0.000000000000,1.626004919405,0.787343305124,0;0;0;0;0;0,entity:0;0;0;0;0;0|value:0;0;0;0;0;0|filler:0;0;0;0;0;0|query_marker:0;0;0;0;0;0|query_entity:0;0;0;0;0;0,structural_core_full,0.000000000000,0,1.626004919405,0.787343305124,0.000000000000,0.000000000000,0.000000000000,0.000000000000,6400,0.000000000000,0.824112050805,0.894404601051,0.445570118988,1.438846431421,0.090859551943,0.275758611246,0.111648833021,0.689534097649,0.679129625387,0.733284097649,0.564670279124,0.089129167396
structural_core_blind,29,800,8,725,160,160,8,1.609437912434,1.609437912434,1.609437912434,1.616286189081,1.665655436023,0.193750000000,0.181250000000,696.000000000000,0.000000000000,0.000000000000,0.000000000000,1.636908993239,1.616219200566,0;0;0;0;0;0,entity:0;0;0;0;0;0|value:0;0;0;0;0;0|filler:0;0;0;0;0;0|query_marker:0;0;0;0;0;0|query_entity:0;0;0;0;0;0,structural_core_blind,0.000000000000,0,1.636908993239,1.616219200566,0.000000000000,0.000000000000,0.000000000000,0.000000000000,6400,0.000000000000,0.800000000000,0.800000000000,0.802739096346,0.820606131790,0.012500000000,0.181250000000,0.041530292459,0.054030292459,0.235280292459,0.235280292459,0.200170229988,0.191236712266
structural_mediation_linear,29,800,8,15650,160,160,8,1.609437912434,1.641899124214,1.651256615965,0.652583307054,3.520974861793,0.706250000000,0.031250000000,6784.000000000000,1.000000000000,0.750000000000,1.000000000000,1.612712452060,0.764246788680,320;320;320;320,entity:160;160;160;0|value:160;160;160;0|filler:0;0;0;0|query_marker:0;0;0;160|query_entity:0;0;0;160,structural_mediation_linear,0.000000000000,0,1.612712452060,0.764246788680,0.000000000000,0.000000000000,0.000000000000,0.000000000000,6400,0.000000000000,0.810661129951,0.820903269769,0.406664966762,1.528160588642,0.051887940966,0.115323520020,0.063679065599,0.741394212687,0.708877333923,0.767572885820,0.601164972915,0.067830298509
structural_mediation_bounded,29,800,8,15650,160,160,8,1.609437912434,1.638989025176,1.651737688483,0.869080518754,2.561431161414,0.556250000000,0.006250000000,6784.000000000000,1.000000000000,0.750000000000,1.000000000000,1.628206622708,0.850040958353,320;320;320;320,entity:160;160;160;0|value:160;160;160;0|filler:0;0;0;0|query_marker:0;0;0;160|query_entity:0;0;0;160,structural_mediation_bounded,0.000000000000,0,1.628206622708,0.850040958353,0.000000000000,0.000000000000,0.000000000000,0.000000000000,6400,1.000000000000,0.809893192675,0.820465284995,0.491463724776,1.225966579891,0.049781081314,0.113330606824,0.166852855005,0.511377111354,0.434214488629,0.517627111354,0.431313031704,0.081981865881
