seed,intervention,holdout_nll,holdout_accuracy,nll_delta_vs_intact,accuracy_delta_vs_intact,mean_active_mechanisms_per_token,mean_writers_per_token,mean_recipients_per_token,mechanism_load,role_mechanism_load,condition
0,intact,1.330732621613,0.583333333333,0.000000000000,0.000000000000,2.000000000000,1.000000000000,2.000000000000,126;151;263;270;124;26,entity:24;26;57;62;22;1|value:44;52;43;34;17;2|filler:34;44;129;112;47;18|query_marker:13;10;21;31;17;4|query_entity:11;19;13;31;21;1,sgw_broadcast_forced_aux_annealed
0,no_broadcast,1.312484117022,0.604166666667,-0.018248504590,0.020833333333,2.000000000000,1.000000000000,2.000000000000,129;137;249;284;131;30,entity:24;25;52;62;26;3|value:47;53;37;36;17;2|filler:35;39;126;116;54;14|query_marker:11;8;19;35;15;8|query_entity:12;12;15;35;19;3,sgw_broadcast_forced_aux_annealed
0,no_workspace_persistence,1.360010805286,0.562500000000,0.029278183673,-0.020833333333,2.000000000000,1.000000000000,2.000000000000,114;148;257;274;140;27,entity:22;27;55;59;26;3|value:42;55;37;35;20;3|filler:28;46;126;113;56;15|query_marker:10;8;25;33;17;3|query_entity:12;12;14;34;21;3,sgw_broadcast_forced_aux_annealed
0,no_workspace_output,1.330732621613,0.583333333333,0.000000000000,0.000000000000,2.000000000000,1.000000000000,2.000000000000,126;151;263;270;124;26,entity:24;26;57;62;22;1|value:44;52;43;34;17;2|filler:34;44;129;112;47;18|query_marker:13;10;21;31;17;4|query_entity:11;19;13;31;21;1,sgw_broadcast_forced_aux_annealed
0,no_spine_workspace,1.330732621613,0.583333333333,0.000000000000,0.000000000000,2.000000000000,1.000000000000,2.000000000000,126;151;263;270;124;26,entity:24;26;57;62;22;1|value:44;52;43;34;17;2|filler:34;44;129;112;47;18|query_marker:13;10;21;31;17;4|query_entity:11;19;13;31;21;1,sgw_broadcast_forced_aux_annealed
0,no_mechanism_output,1.119225109645,0.500000000000,-0.211507511968,-0.083333333333,2.000000000000,1.000000000000,2.000000000000,126;151;263;270;124;26,entity:24;26;57;62;22;1|value:44;52;43;34;17;2|filler:34;44;129;112;47;18|query_marker:13;10;21;31;17;4|query_entity:11;19;13;31;21;1,sgw_broadcast_forced_aux_annealed
0,workspace_disconnected,1.312484117022,0.604166666667,-0.018248504590,0.020833333333,2.000000000000,1.000000000000,2.000000000000,129;137;249;284;131;30,entity:24;25;52;62;26;3|value:47;53;37;36;17;2|filler:35;39;126;116;54;14|query_marker:11;8;19;35;15;8|query_entity:12;12;15;35;19;3,sgw_broadcast_forced_aux_annealed
0,permuted_recipients,1.393489976359,0.562500000000,0.062757354747,-0.020833333333,2.000000000000,1.000000000000,2.000000000000,127;147;247;277;134;28,entity:21;27;55;60;27;2|value:46;52;37;35;19;3|filler:38;43;122;114;53;14|query_marker:10;9;19;34;17;7|query_entity:12;16;14;34;18;2,sgw_broadcast_forced_aux_annealed
1,intact,1.133439808026,0.687500000000,0.000000000000,0.000000000000,2.000000000000,1.000000000000,2.000000000000,102;94;294;135;264;71,entity:20;9;70;12;63;18|value:17;27;61;16;60;11|filler:48;40;110;65;90;31|query_marker:14;7;15;31;19;10|query_entity:3;11;38;11;32;1,sgw_broadcast_forced_aux_annealed
1,no_broadcast,1.202698805782,0.645833333333,0.069258997756,-0.041666666667,2.000000000000,1.000000000000,2.000000000000,99;95;287;137;261;81,entity:21;8;69;13;63;18|value:18;28;59;16;58;13|filler:44;41;110;65;89;35|query_marker:12;8;12;32;18;14|query_entity:4;10;37;11;33;1,sgw_broadcast_forced_aux_annealed
1,no_workspace_persistence,1.144344729255,0.645833333333,0.010904921228,-0.041666666667,2.000000000000,1.000000000000,2.000000000000,124;73;267;140;286;70,entity:22;2;68;14;67;19|value:18;28;56;17;62;11|filler:62;28;100;65;100;29|query_marker:18;4;9;34;21;10|query_entity:4;11;34;10;36;1,sgw_broadcast_forced_aux_annealed
1,no_workspace_output,1.133439808026,0.687500000000,0.000000000000,0.000000000000,2.000000000000,1.000000000000,2.000000000000,102;94;294;135;264;71,entity:20;9;70;12;63;18|value:17;27;61;16;60;11|filler:48;40;110;65;90;31|query_marker:14;7;15;31;19;10|query_entity:3;11;38;11;32;1,sgw_broadcast_forced_aux_annealed
1,no_spine_workspace,1.133439808026,0.687500000000,0.000000000000,0.000000000000,2.000000000000,1.000000000000,2.000000000000,102;94;294;135;264;71,entity:20;9;70;12;63;18|value:17;27;61;16;60;11|filler:48;40;110;65;90;31|query_marker:14;7;15;31;19;10|query_entity:3;11;38;11;32;1,sgw_broadcast_forced_aux_annealed
1,no_mechanism_output,1.096764626817,0.520833333333,-0.036675181209,-0.166666666667,2.000000000000,1.000000000000,2.000000000000,102;94;294;135;264;71,entity:20;9;70;12;63;18|value:17;27;61;16;60;11|filler:48;40;110;65;90;31|query_marker:14;7;15;31;19;10|query_entity:3;11;38;11;32;1,sgw_broadcast_forced_aux_annealed
1,workspace_disconnected,1.202698805782,0.645833333333,0.069258997756,-0.041666666667,2.000000000000,1.000000000000,2.000000000000,99;95;287;137;261;81,entity:21;8;69;13;63;18|value:18;28;59;16;58;13|filler:44;41;110;65;89;35|query_marker:12;8;12;32;18;14|query_entity:4;10;37;11;33;1,sgw_broadcast_forced_aux_annealed
1,permuted_recipients,1.099832620925,0.666666666667,-0.033607187101,-0.020833333333,2.000000000000,1.000000000000,2.000000000000,102;90;289;135;265;79,entity:20;8;70;13;63;18|value:17;27;60;16;59;13|filler:49;38;110;64;91;32|query_marker:11;9;13;30;19;14|query_entity:5;8;36;12;33;2,sgw_broadcast_forced_aux_annealed
2,intact,2.318992366714,0.375000000000,0.000000000000,0.000000000000,2.000000000000,1.000000000000,2.000000000000,73;224;240;80;201;142,entity:15;41;50;14;38;34|value:11;46;44;17;43;31|filler:35;80;86;45;84;54|query_marker:6;33;31;2;14;10|query_entity:6;24;29;2;22;13,sgw_broadcast_forced_aux_annealed
2,no_broadcast,2.262910516356,0.395833333333,-0.056081850358,0.020833333333,2.000000000000,1.000000000000,2.000000000000,69;232;238;87;200;134,entity:14;43;50;14;37;34|value:9;47;44;19;44;29|filler:36;83;82;51;83;49|query_marker:5;34;32;3;13;9|query_entity:5;25;30;0;23;13,sgw_broadcast_forced_aux_annealed
2,no_workspace_persistence,2.446380555244,0.375000000000,0.127388188530,0.000000000000,2.000000000000,1.000000000000,2.000000000000,72;229;233;83;193;150,entity:17;43;50;14;37;31|value:8;46;49;17;41;31|filler:35;84;83;45;81;56|query_marker:3;33;25;6;13;16|query_entity:9;23;26;1;21;16,sgw_broadcast_forced_aux_annealed
2,no_workspace_output,2.318992366714,0.375000000000,0.000000000000,0.000000000000,2.000000000000,1.000000000000,2.000000000000,73;224;240;80;201;142,entity:15;41;50;14;38;34|value:11;46;44;17;43;31|filler:35;80;86;45;84;54|query_marker:6;33;31;2;14;10|query_entity:6;24;29;2;22;13,sgw_broadcast_forced_aux_annealed
2,no_spine_workspace,2.318992366714,0.375000000000,0.000000000000,0.000000000000,2.000000000000,1.000000000000,2.000000000000,73;224;240;80;201;142,entity:15;41;50;14;38;34|value:11;46;44;17;43;31|filler:35;80;86;45;84;54|query_marker:6;33;31;2;14;10|query_entity:6;24;29;2;22;13,sgw_broadcast_forced_aux_annealed
2,no_mechanism_output,1.720235194171,0.375000000000,-0.598757172543,0.000000000000,2.000000000000,1.000000000000,2.000000000000,73;224;240;80;201;142,entity:15;41;50;14;38;34|value:11;46;44;17;43;31|filler:35;80;86;45;84;54|query_marker:6;33;31;2;14;10|query_entity:6;24;29;2;22;13,sgw_broadcast_forced_aux_annealed
2,workspace_disconnected,2.262910516356,0.395833333333,-0.056081850358,0.020833333333,2.000000000000,1.000000000000,2.000000000000,69;232;238;87;200;134,entity:14;43;50;14;37;34|value:9;47;44;19;44;29|filler:36;83;82;51;83;49|query_marker:5;34;32;3;13;9|query_entity:5;25;30;0;23;13,sgw_broadcast_forced_aux_annealed
2,permuted_recipients,2.251287129708,0.395833333333,-0.067705237006,0.020833333333,2.000000000000,1.000000000000,2.000000000000,68;228;240;81;206;137,entity:14;42;50;14;38;34|value:10;46;45;18;44;29|filler:34;85;84;45;86;50|query_marker:5;33;33;3;13;9|query_entity:5;22;28;1;25;15,sgw_broadcast_forced_aux_annealed
3,intact,1.034139648204,0.541666666667,0.000000000000,0.000000000000,2.000000000000,1.000000000000,2.000000000000,235;223;141;142;158;61,entity:66;50;23;32;11;10|value:38;38;36;25;33;22|filler:86;98;54;45;88;13|query_marker:25;21;11;21;12;6|query_entity:20;16;17;19;14;10,sgw_broadcast_forced_aux_annealed
3,no_broadcast,1.015638906645,0.562500000000,-0.018500741559,0.020833333333,2.000000000000,1.000000000000,2.000000000000,239;225;134;145;151;66,entity:67;51;21;32;11;10|value:39;39;36;23;32;23|filler:89;97;52;48;83;15|query_marker:22;19;10;24;14;7|query_entity:22;19;15;18;11;11,sgw_broadcast_forced_aux_annealed
3,no_workspace_persistence,1.091426433244,0.583333333333,0.057286785040,0.041666666667,2.000000000000,1.000000000000,2.000000000000,257;226;133;164;144;36,entity:66;54;21;34;8;9|value:40;39;38;27;33;15|filler:93;97;49;58;84;3|query_marker:35;21;4;24;8;4|query_entity:23;15;21;21;11;5,sgw_broadcast_forced_aux_annealed
3,no_workspace_output,1.034139648204,0.541666666667,0.000000000000,0.000000000000,2.000000000000,1.000000000000,2.000000000000,235;223;141;142;158;61,entity:66;50;23;32;11;10|value:38;38;36;25;33;22|filler:86;98;54;45;88;13|query_marker:25;21;11;21;12;6|query_entity:20;16;17;19;14;10,sgw_broadcast_forced_aux_annealed
3,no_spine_workspace,1.034139648204,0.541666666667,0.000000000000,0.000000000000,2.000000000000,1.000000000000,2.000000000000,235;223;141;142;158;61,entity:66;50;23;32;11;10|value:38;38;36;25;33;22|filler:86;98;54;45;88;13|query_marker:25;21;11;21;12;6|query_entity:20;16;17;19;14;10,sgw_broadcast_forced_aux_annealed
3,no_mechanism_output,0.915076535746,0.541666666667,-0.119063112458,0.000000000000,2.000000000000,1.000000000000,2.000000000000,235;223;141;142;158;61,entity:66;50;23;32;11;10|value:38;38;36;25;33;22|filler:86;98;54;45;88;13|query_marker:25;21;11;21;12;6|query_entity:20;16;17;19;14;10,sgw_broadcast_forced_aux_annealed
3,workspace_disconnected,1.015638906645,0.562500000000,-0.018500741559,0.020833333333,2.000000000000,1.000000000000,2.000000000000,239;225;134;145;151;66,entity:67;51;21;32;11;10|value:39;39;36;23;32;23|filler:89;97;52;48;83;15|query_marker:22;19;10;24;14;7|query_entity:22;19;15;18;11;11,sgw_broadcast_forced_aux_annealed
3,permuted_recipients,1.135407031029,0.583333333333,0.101267382825,0.041666666667,2.000000000000,1.000000000000,2.000000000000,233;220;149;146;139;73,entity:67;51;22;32;9;11|value:40;39;37;24;29;23|filler:79;95;61;47;80;22|query_marker:24;18;13;25;9;7|query_entity:23;17;16;18;12;10,sgw_broadcast_forced_aux_annealed
4,intact,1.908777894523,0.541666666667,0.000000000000,0.000000000000,2.000000000000,1.000000000000,2.000000000000,165;162;320;168;35;110,entity:34;33;74;28;3;20|value:34;43;64;28;4;19|filler:67;58;104;76;19;60|query_marker:15;14;41;16;4;6|query_entity:15;14;37;20;5;5,sgw_broadcast_forced_aux_annealed
4,no_broadcast,1.879327106354,0.541666666667,-0.029450788169,0.000000000000,2.000000000000,1.000000000000,2.000000000000,168;163;316;165;29;119,entity:35;33;73;28;3;20|value:34;43;64;28;4;19|filler:69;60;101;75;14;65|query_marker:15;12;41;16;3;9|query_entity:15;15;37;18;5;6,sgw_broadcast_forced_aux_annealed
4,no_workspace_persistence,1.741490941724,0.562500000000,-0.167286952799,0.020833333333,2.000000000000,1.000000000000,2.000000000000,172;153;295;190;37;113,entity:36;30;71;31;3;21|value:38;40;60;29;4;21|filler:69;59;91;88;20;57|query_marker:15;14;37;18;3;9|query_entity:14;10;36;24;7;5,sgw_broadcast_forced_aux_annealed
4,no_workspace_output,1.908777894523,0.541666666667,0.000000000000,0.000000000000,2.000000000000,1.000000000000,2.000000000000,165;162;320;168;35;110,entity:34;33;74;28;3;20|value:34;43;64;28;4;19|filler:67;58;104;76;19;60|query_marker:15;14;41;16;4;6|query_entity:15;14;37;20;5;5,sgw_broadcast_forced_aux_annealed
4,no_spine_workspace,1.908777894523,0.541666666667,0.000000000000,0.000000000000,2.000000000000,1.000000000000,2.000000000000,165;162;320;168;35;110,entity:34;33;74;28;3;20|value:34;43;64;28;4;19|filler:67;58;104;76;19;60|query_marker:15;14;41;16;4;6|query_entity:15;14;37;20;5;5,sgw_broadcast_forced_aux_annealed
4,no_mechanism_output,1.498616181907,0.437500000000,-0.410161712616,-0.104166666667,2.000000000000,1.000000000000,2.000000000000,165;162;320;168;35;110,entity:34;33;74;28;3;20|value:34;43;64;28;4;19|filler:67;58;104;76;19;60|query_marker:15;14;41;16;4;6|query_entity:15;14;37;20;5;5,sgw_broadcast_forced_aux_annealed
4,workspace_disconnected,1.879327106354,0.541666666667,-0.029450788169,0.000000000000,2.000000000000,1.000000000000,2.000000000000,168;163;316;165;29;119,entity:35;33;73;28;3;20|value:34;43;64;28;4;19|filler:69;60;101;75;14;65|query_marker:15;12;41;16;3;9|query_entity:15;15;37;18;5;6,sgw_broadcast_forced_aux_annealed
4,permuted_recipients,1.958072269581,0.520833333333,0.049294375058,-0.020833333333,2.000000000000,1.000000000000,2.000000000000,161;169;316;168;27;119,entity:33;34;74;29;2;20|value:34;42;64;29;3;20|filler:66;63;101;74;14;66|query_marker:13;15;40;16;4;8|query_entity:15;15;37;20;4;5,sgw_broadcast_forced_aux_annealed
5,intact,1.909916076940,0.458333333333,0.000000000000,0.000000000000,2.000000000000,1.000000000000,2.000000000000,219;79;336;165;76;85,entity:58;4;63;36;7;24|value:42;20;48;48;27;7|filler:73;42;141;56;35;37|query_marker:18;10;44;12;2;10|query_entity:28;3;40;13;5;7,sgw_broadcast_forced_aux_annealed
5,no_broadcast,1.909945917324,0.437500000000,0.000029840384,-0.020833333333,2.000000000000,1.000000000000,2.000000000000,217;89;336;163;72;83,entity:58;4;63;36;7;24|value:40;22;48;48;27;7|filler:70;48;142;53;34;37|query_marker:18;12;43;12;1;10|query_entity:31;3;40;14;3;5,sgw_broadcast_forced_aux_annealed
5,no_workspace_persistence,1.962426837836,0.479166666667,0.052510760895,0.020833333333,2.000000000000,1.000000000000,2.000000000000,222;78;301;169;81;109,entity:59;6;60;37;6;24|value:45;18;50;48;24;7|filler:72;43;120;54;43;52|query_marker:18;8;38;13;4;15|query_entity:28;3;33;17;4;11,sgw_broadcast_forced_aux_annealed
5,no_workspace_output,1.909916076940,0.458333333333,0.000000000000,0.000000000000,2.000000000000,1.000000000000,2.000000000000,219;79;336;165;76;85,entity:58;4;63;36;7;24|value:42;20;48;48;27;7|filler:73;42;141;56;35;37|query_marker:18;10;44;12;2;10|query_entity:28;3;40;13;5;7,sgw_broadcast_forced_aux_annealed
5,no_spine_workspace,1.909916076940,0.458333333333,0.000000000000,0.000000000000,2.000000000000,1.000000000000,2.000000000000,219;79;336;165;76;85,entity:58;4;63;36;7;24|value:42;20;48;48;27;7|filler:73;42;141;56;35;37|query_marker:18;10;44;12;2;10|query_entity:28;3;40;13;5;7,sgw_broadcast_forced_aux_annealed
5,no_mechanism_output,1.400202954085,0.437500000000,-0.509713122855,-0.020833333333,2.000000000000,1.000000000000,2.000000000000,219;79;336;165;76;85,entity:58;4;63;36;7;24|value:42;20;48;48;27;7|filler:73;42;141;56;35;37|query_marker:18;10;44;12;2;10|query_entity:28;3;40;13;5;7,sgw_broadcast_forced_aux_annealed
5,workspace_disconnected,1.909945917324,0.437500000000,0.000029840384,-0.020833333333,2.000000000000,1.000000000000,2.000000000000,217;89;336;163;72;83,entity:58;4;63;36;7;24|value:40;22;48;48;27;7|filler:70;48;142;53;34;37|query_marker:18;12;43;12;1;10|query_entity:31;3;40;14;3;5,sgw_broadcast_forced_aux_annealed
5,permuted_recipients,1.830020863801,0.500000000000,-0.079895213140,0.041666666667,2.000000000000,1.000000000000,2.000000000000,192;86;347;169;79;87,entity:55;4;65;37;8;23|value:37;21;52;48;26;8|filler:62;50;146;57;36;33|query_marker:14;9;45;13;3;12|query_entity:24;2;39;14;6;11,sgw_broadcast_forced_aux_annealed
6,intact,1.122613211626,0.687500000000,0.000000000000,0.000000000000,2.000000000000,1.000000000000,2.000000000000,194;35;202;137;265;127,entity:35;3;30;17;70;37|value:36;6;38;35;47;30|filler:97;11;100;45;106;25|query_marker:9;8;21;24;16;18|query_entity:17;7;13;16;26;17,sgw_broadcast_forced_aux_annealed
6,no_broadcast,1.188647616335,0.645833333333,0.066034404709,-0.041666666667,2.000000000000,1.000000000000,2.000000000000,192;35;200;137;268;128,entity:35;6;30;16;69;36|value:33;5;39;35;50;30|filler:97;10;97;47;106;27|query_marker:8;8;21;21;18;20|query_entity:19;6;13;18;25;15,sgw_broadcast_forced_aux_annealed
6,no_workspace_persistence,1.190383842492,0.604166666667,0.067770630866,-0.083333333333,2.000000000000,1.000000000000,2.000000000000,212;34;210;129;258;117,entity:35;2;33;16;72;34|value:44;4;41;30;46;27|filler:106;7;99;45;100;27|query_marker:9;10;21;23;16;17|query_entity:18;11;16;15;24;12,sgw_broadcast_forced_aux_annealed
6,no_workspace_output,1.122613211626,0.687500000000,0.000000000000,0.000000000000,2.000000000000,1.000000000000,2.000000000000,194;35;202;137;265;127,entity:35;3;30;17;70;37|value:36;6;38;35;47;30|filler:97;11;100;45;106;25|query_marker:9;8;21;24;16;18|query_entity:17;7;13;16;26;17,sgw_broadcast_forced_aux_annealed
6,no_spine_workspace,1.122613211626,0.687500000000,0.000000000000,0.000000000000,2.000000000000,1.000000000000,2.000000000000,194;35;202;137;265;127,entity:35;3;30;17;70;37|value:36;6;38;35;47;30|filler:97;11;100;45;106;25|query_marker:9;8;21;24;16;18|query_entity:17;7;13;16;26;17,sgw_broadcast_forced_aux_annealed
6,no_mechanism_output,0.954809326256,0.625000000000,-0.167803885369,-0.062500000000,2.000000000000,1.000000000000,2.000000000000,194;35;202;137;265;127,entity:35;3;30;17;70;37|value:36;6;38;35;47;30|filler:97;11;100;45;106;25|query_marker:9;8;21;24;16;18|query_entity:17;7;13;16;26;17,sgw_broadcast_forced_aux_annealed
6,workspace_disconnected,1.188647616335,0.645833333333,0.066034404709,-0.041666666667,2.000000000000,1.000000000000,2.000000000000,192;35;200;137;268;128,entity:35;6;30;16;69;36|value:33;5;39;35;50;30|filler:97;10;97;47;106;27|query_marker:8;8;21;21;18;20|query_entity:19;6;13;18;25;15,sgw_broadcast_forced_aux_annealed
6,permuted_recipients,1.132419329056,0.666666666667,0.009806117430,-0.020833333333,2.000000000000,1.000000000000,2.000000000000,189;38;204;136;264;129,entity:34;6;32;16;67;37|value:35;5;40;35;49;28|filler:94;10;98;48;104;30|query_marker:9;10;21;20;17;19|query_entity:17;7;13;17;27;15,sgw_broadcast_forced_aux_annealed
7,intact,1.604782922856,0.562500000000,0.000000000000,0.000000000000,2.000000000000,1.000000000000,2.000000000000,108;142;174;229;110;197,entity:19;21;37;46;28;41|value:16;27;26;44;39;40|filler:48;62;70;100;29;75|query_marker:14;17;24;20;1;20|query_entity:11;15;17;19;13;21,sgw_broadcast_forced_aux_annealed
7,no_broadcast,1.690257196290,0.541666666667,0.085474273434,-0.020833333333,2.000000000000,1.000000000000,2.000000000000,108;142;167;231;113;199,entity:19;21;37;46;28;41|value:16;27;26;43;40;40|filler:48;62;63;104;29;78|query_marker:16;17;24;20;1;18|query_entity:9;15;17;18;15;22,sgw_broadcast_forced_aux_annealed
7,no_workspace_persistence,1.663175458222,0.500000000000,0.058392535366,-0.062500000000,2.000000000000,1.000000000000,2.000000000000,131;122;168;235;110;194,entity:19;19;38;46;28;42|value:19;25;26;44;40;38|filler:59;54;61;109;30;71|query_marker:19;11;26;18;2;20|query_entity:15;13;17;18;10;23,sgw_broadcast_forced_aux_annealed
7,no_workspace_output,1.604782922856,0.562500000000,0.000000000000,0.000000000000,2.000000000000,1.000000000000,2.000000000000,108;142;174;229;110;197,entity:19;21;37;46;28;41|value:16;27;26;44;39;40|filler:48;62;70;100;29;75|query_marker:14;17;24;20;1;20|query_entity:11;15;17;19;13;21,sgw_broadcast_forced_aux_annealed
7,no_spine_workspace,1.604782922856,0.562500000000,0.000000000000,0.000000000000,2.000000000000,1.000000000000,2.000000000000,108;142;174;229;110;197,entity:19;21;37;46;28;41|value:16;27;26;44;39;40|filler:48;62;70;100;29;75|query_marker:14;17;24;20;1;20|query_entity:11;15;17;19;13;21,sgw_broadcast_forced_aux_annealed
7,no_mechanism_output,1.217033337443,0.520833333333,-0.387749585413,-0.041666666667,2.000000000000,1.000000000000,2.000000000000,108;142;174;229;110;197,entity:19;21;37;46;28;41|value:16;27;26;44;39;40|filler:48;62;70;100;29;75|query_marker:14;17;24;20;1;20|query_entity:11;15;17;19;13;21,sgw_broadcast_forced_aux_annealed
7,workspace_disconnected,1.690257196290,0.541666666667,0.085474273434,-0.020833333333,2.000000000000,1.000000000000,2.000000000000,108;142;167;231;113;199,entity:19;21;37;46;28;41|value:16;27;26;43;40;40|filler:48;62;63;104;29;78|query_marker:16;17;24;20;1;18|query_entity:9;15;17;18;15;22,sgw_broadcast_forced_aux_annealed
7,permuted_recipients,1.690672593547,0.520833333333,0.085889670691,-0.041666666667,2.000000000000,1.000000000000,2.000000000000,109;145;167;229;110;200,entity:18;22;37;46;28;41|value:16;27;26;44;39;40|filler:50;62;65;101;28;78|query_marker:15;18;23;19;1;20|query_entity:10;16;16;19;14;21,sgw_broadcast_forced_aux_annealed
8,intact,1.710152621937,0.437500000000,0.000000000000,0.000000000000,2.000000000000,1.000000000000,2.000000000000,203;243;252;46;216;0,entity:34;45;55;13;45;0|value:53;44;50;8;37;0|filler:74;90;109;13;98;0|query_marker:22;34;22;8;10;0|query_entity:20;30;16;4;26;0,sgw_broadcast_forced_aux_annealed
8,no_broadcast,1.769215403083,0.416666666667,0.059062781145,-0.020833333333,2.000000000000,1.000000000000,2.000000000000,196;245;254;41;223;1,entity:32;46;56;12;46;0|value:51;45;50;8;38;0|filler:73;89;109;13;99;1|query_marker:21;35;23;5;12;0|query_entity:19;30;16;3;28;0,sgw_broadcast_forced_aux_annealed
8,no_workspace_persistence,1.684290126556,0.458333333333,-0.025862495381,0.020833333333,2.000000000000,1.000000000000,2.000000000000,218;230;252;47;213;0,entity:32;47;55;12;46;0|value:53;45;50;8;36;0|filler:83;80;110;16;95;0|query_marker:28;28;21;8;11;0|query_entity:22;30;16;3;25;0,sgw_broadcast_forced_aux_annealed
8,no_workspace_output,1.710152621937,0.437500000000,0.000000000000,0.000000000000,2.000000000000,1.000000000000,2.000000000000,203;243;252;46;216;0,entity:34;45;55;13;45;0|value:53;44;50;8;37;0|filler:74;90;109;13;98;0|query_marker:22;34;22;8;10;0|query_entity:20;30;16;4;26;0,sgw_broadcast_forced_aux_annealed
8,no_spine_workspace,1.710152621937,0.437500000000,0.000000000000,0.000000000000,2.000000000000,1.000000000000,2.000000000000,203;243;252;46;216;0,entity:34;45;55;13;45;0|value:53;44;50;8;37;0|filler:74;90;109;13;98;0|query_marker:22;34;22;8;10;0|query_entity:20;30;16;4;26;0,sgw_broadcast_forced_aux_annealed
8,no_mechanism_output,1.326859523764,0.416666666667,-0.383293098173,-0.020833333333,2.000000000000,1.000000000000,2.000000000000,203;243;252;46;216;0,entity:34;45;55;13;45;0|value:53;44;50;8;37;0|filler:74;90;109;13;98;0|query_marker:22;34;22;8;10;0|query_entity:20;30;16;4;26;0,sgw_broadcast_forced_aux_annealed
8,workspace_disconnected,1.769215403083,0.416666666667,0.059062781145,-0.020833333333,2.000000000000,1.000000000000,2.000000000000,196;245;254;41;223;1,entity:32;46;56;12;46;0|value:51;45;50;8;38;0|filler:73;89;109;13;99;1|query_marker:21;35;23;5;12;0|query_entity:19;30;16;3;28;0,sgw_broadcast_forced_aux_annealed
8,permuted_recipients,1.759614123116,0.479166666667,0.049461501179,0.041666666667,2.000000000000,1.000000000000,2.000000000000,220;226;237;47;229;1,entity:37;42;52;14;47;0|value:53;43;49;8;39;0|filler:83;83;104;13;100;1|query_marker:23;32;19;9;13;0|query_entity:24;26;13;3;30;0,sgw_broadcast_forced_aux_annealed
9,intact,1.177499613330,0.666666666667,0.000000000000,0.000000000000,2.000000000000,1.000000000000,2.000000000000,95;111;136;247;174;197,entity:23;35;21;49;40;24|value:10;20;38;40;34;50|filler:40;44;52;92;67;89|query_marker:10;5;7;36;21;17|query_entity:12;7;18;30;12;17,sgw_broadcast_forced_aux_annealed
9,no_broadcast,1.267525572242,0.645833333333,0.090025958911,-0.020833333333,2.000000000000,1.000000000000,2.000000000000,109;117;133;239;167;195,entity:27;34;21;48;39;23|value:12;21;37;38;34;50|filler:47;47;50;91;61;88|query_marker:11;6;7;34;21;17|query_entity:12;9;18;28;12;17,sgw_broadcast_forced_aux_annealed
9,no_workspace_persistence,1.263822584125,0.625000000000,0.086322970795,-0.041666666667,2.000000000000,1.000000000000,2.000000000000,101;126;134;245;151;203,entity:27;37;22;50;32;24|value:12;25;37;40;29;49|filler:38;48;52;91;67;88|query_marker:13;8;7;31;16;21|query_entity:11;8;16;33;7;21,sgw_broadcast_forced_aux_annealed
9,no_workspace_output,1.177499613330,0.666666666667,0.000000000000,0.000000000000,2.000000000000,1.000000000000,2.000000000000,95;111;136;247;174;197,entity:23;35;21;49;40;24|value:10;20;38;40;34;50|filler:40;44;52;92;67;89|query_marker:10;5;7;36;21;17|query_entity:12;7;18;30;12;17,sgw_broadcast_forced_aux_annealed
9,no_spine_workspace,1.177499613330,0.666666666667,0.000000000000,0.000000000000,2.000000000000,1.000000000000,2.000000000000,95;111;136;247;174;197,entity:23;35;21;49;40;24|value:10;20;38;40;34;50|filler:40;44;52;92;67;89|query_marker:10;5;7;36;21;17|query_entity:12;7;18;30;12;17,sgw_broadcast_forced_aux_annealed
9,no_mechanism_output,1.148996429165,0.645833333333,-0.028503184166,-0.020833333333,2.000000000000,1.000000000000,2.000000000000,95;111;136;247;174;197,entity:23;35;21;49;40;24|value:10;20;38;40;34;50|filler:40;44;52;92;67;89|query_marker:10;5;7;36;21;17|query_entity:12;7;18;30;12;17,sgw_broadcast_forced_aux_annealed
9,workspace_disconnected,1.267525572242,0.645833333333,0.090025958911,-0.020833333333,2.000000000000,1.000000000000,2.000000000000,109;117;133;239;167;195,entity:27;34;21;48;39;23|value:12;21;37;38;34;50|filler:47;47;50;91;61;88|query_marker:11;6;7;34;21;17|query_entity:12;9;18;28;12;17,sgw_broadcast_forced_aux_annealed
9,permuted_recipients,1.257019422084,0.645833333333,0.079519808754,-0.020833333333,2.000000000000,1.000000000000,2.000000000000,111;104;122;249;169;205,entity:28;33;20;48;37;26|value:12;19;37;39;34;51|filler:48;43;44;94;62;93|query_marker:10;2;6;39;21;18|query_entity:13;7;15;29;15;17,sgw_broadcast_forced_aux_annealed
10,intact,1.842857176409,0.500000000000,0.000000000000,0.000000000000,2.000000000000,1.000000000000,2.000000000000,47;73;251;123;303;163,entity:3;16;70;17;54;32|value:10;8;51;27;76;20|filler:23;16;95;64;118;68|query_marker:9;20;13;10;23;21|query_entity:2;13;22;5;32;22,sgw_broadcast_forced_aux_annealed
10,no_broadcast,1.825364596900,0.479166666667,-0.017492579510,-0.020833333333,2.000000000000,1.000000000000,2.000000000000,49;73;251;123;304;160,entity:3;16;70;17;54;32|value:10;8;51;26;77;20|filler:26;15;95;64;118;66|query_marker:8;21;14;10;23;20|query_entity:2;13;21;6;32;22,sgw_broadcast_forced_aux_annealed
10,no_workspace_persistence,1.946157096890,0.458333333333,0.103299920481,-0.041666666667,2.000000000000,1.000000000000,2.000000000000,55;59;270;127;286;163,entity:3;14;69;19;52;35|value:11;6;54;28;74;19|filler:23;13;99;65;115;69|query_marker:12;16;22;10;15;21|query_entity:6;10;26;5;30;19,sgw_broadcast_forced_aux_annealed
10,no_workspace_output,1.842857176409,0.500000000000,0.000000000000,0.000000000000,2.000000000000,1.000000000000,2.000000000000,47;73;251;123;303;163,entity:3;16;70;17;54;32|value:10;8;51;27;76;20|filler:23;16;95;64;118;68|query_marker:9;20;13;10;23;21|query_entity:2;13;22;5;32;22,sgw_broadcast_forced_aux_annealed
10,no_spine_workspace,1.842857176409,0.500000000000,0.000000000000,0.000000000000,2.000000000000,1.000000000000,2.000000000000,47;73;251;123;303;163,entity:3;16;70;17;54;32|value:10;8;51;27;76;20|filler:23;16;95;64;118;68|query_marker:9;20;13;10;23;21|query_entity:2;13;22;5;32;22,sgw_broadcast_forced_aux_annealed
10,no_mechanism_output,1.281472119841,0.500000000000,-0.561385056568,0.000000000000,2.000000000000,1.000000000000,2.000000000000,47;73;251;123;303;163,entity:3;16;70;17;54;32|value:10;8;51;27;76;20|filler:23;16;95;64;118;68|query_marker:9;20;13;10;23;21|query_entity:2;13;22;5;32;22,sgw_broadcast_forced_aux_annealed
10,workspace_disconnected,1.825364596900,0.479166666667,-0.017492579510,-0.020833333333,2.000000000000,1.000000000000,2.000000000000,49;73;251;123;304;160,entity:3;16;70;17;54;32|value:10;8;51;26;77;20|filler:26;15;95;64;118;66|query_marker:8;21;14;10;23;20|query_entity:2;13;21;6;32;22,sgw_broadcast_forced_aux_annealed
10,permuted_recipients,1.790028527422,0.479166666667,-0.052828648987,-0.020833333333,2.000000000000,1.000000000000,2.000000000000,52;67;255;128;302;156,entity:4;16;70;17;54;31|value:10;8;50;27;76;21|filler:25;16;99;66;115;63|query_marker:10;18;15;11;23;19|query_entity:3;9;21;7;34;22,sgw_broadcast_forced_aux_annealed
11,intact,1.739468719044,0.520833333333,0.000000000000,0.000000000000,2.000000000000,1.000000000000,2.000000000000,249;164;223;87;151;86,entity:40;23;53;20;36;20|value:65;39;44;8;25;11|filler:102;73;66;46;62;35|query_marker:20;15;25;8;16;12|query_entity:22;14;35;5;12;8,sgw_broadcast_forced_aux_annealed
11,no_broadcast,1.709146260773,0.500000000000,-0.030322458271,-0.020833333333,2.000000000000,1.000000000000,2.000000000000,255;159;225;79;156;86,entity:41;21;52;21;37;20|value:65;40;43;8;26;10|filler:104;70;66;44;62;38|query_marker:21;14;30;3;17;11|query_entity:24;14;34;3;14;7,sgw_broadcast_forced_aux_annealed
11,no_workspace_persistence,1.606451182439,0.541666666667,-0.133017536605,0.020833333333,2.000000000000,1.000000000000,2.000000000000,253;186;185;63;160;113,entity:40;19;52;23;37;21|value:65;47;33;1;29;17|filler:104;87;44;31;67;51|query_marker:19;15;23;5;17;17|query_entity:25;18;33;3;10;7,sgw_broadcast_forced_aux_annealed
11,no_workspace_output,1.739468719044,0.520833333333,0.000000000000,0.000000000000,2.000000000000,1.000000000000,2.000000000000,249;164;223;87;151;86,entity:40;23;53;20;36;20|value:65;39;44;8;25;11|filler:102;73;66;46;62;35|query_marker:20;15;25;8;16;12|query_entity:22;14;35;5;12;8,sgw_broadcast_forced_aux_annealed
11,no_spine_workspace,1.739468719044,0.520833333333,0.000000000000,0.000000000000,2.000000000000,1.000000000000,2.000000000000,249;164;223;87;151;86,entity:40;23;53;20;36;20|value:65;39;44;8;25;11|filler:102;73;66;46;62;35|query_marker:20;15;25;8;16;12|query_entity:22;14;35;5;12;8,sgw_broadcast_forced_aux_annealed
11,no_mechanism_output,1.289892571397,0.479166666667,-0.449576147647,-0.041666666667,2.000000000000,1.000000000000,2.000000000000,249;164;223;87;151;86,entity:40;23;53;20;36;20|value:65;39;44;8;25;11|filler:102;73;66;46;62;35|query_marker:20;15;25;8;16;12|query_entity:22;14;35;5;12;8,sgw_broadcast_forced_aux_annealed
11,workspace_disconnected,1.709146260773,0.500000000000,-0.030322458271,-0.020833333333,2.000000000000,1.000000000000,2.000000000000,255;159;225;79;156;86,entity:41;21;52;21;37;20|value:65;40;43;8;26;10|filler:104;70;66;44;62;38|query_marker:21;14;30;3;17;11|query_entity:24;14;34;3;14;7,sgw_broadcast_forced_aux_annealed
11,permuted_recipients,1.733279033044,0.500000000000,-0.006189686000,-0.020833333333,2.000000000000,1.000000000000,2.000000000000,259;149;225;95;149;83,entity:42;16;55;23;37;19|value:65;40;43;7;27;10|filler:108;66;66;51;55;38|query_marker:20;15;26;10;17;8|query_entity:24;12;35;4;13;8,sgw_broadcast_forced_aux_annealed
12,intact,1.879616634540,0.354166666667,0.000000000000,0.000000000000,2.000000000000,1.000000000000,2.000000000000,43;203;296;118;226;74,entity:3;49;79;9;43;9|value:10;49;50;28;41;14|filler:23;60;121;54;95;31|query_marker:7;32;6;16;25;10|query_entity:0;13;40;11;22;10,sgw_broadcast_forced_aux_annealed
12,no_broadcast,1.885326423448,0.354166666667,0.005709788909,0.000000000000,2.000000000000,1.000000000000,2.000000000000,36;205;306;116;224;73,entity:2;48;80;7;45;10|value:7;49;53;28;41;14|filler:20;61;127;54;95;27|query_marker:7;32;5;17;23;12|query_entity:0;15;41;10;20;10,sgw_broadcast_forced_aux_annealed
12,no_workspace_persistence,1.995176194853,0.354166666667,0.115559560313,0.000000000000,2.000000000000,1.000000000000,2.000000000000,33;211;298;127;220;71,entity:1;50;77;13;41;10|value:7;50;53;27;41;14|filler:18;67;122;57;89;31|query_marker:7;31;3;20;26;9|query_entity:0;13;43;10;23;7,sgw_broadcast_forced_aux_annealed
12,no_workspace_output,1.879616634540,0.354166666667,0.000000000000,0.000000000000,2.000000000000,1.000000000000,2.000000000000,43;203;296;118;226;74,entity:3;49;79;9;43;9|value:10;49;50;28;41;14|filler:23;60;121;54;95;31|query_marker:7;32;6;16;25;10|query_entity:0;13;40;11;22;10,sgw_broadcast_forced_aux_annealed
12,no_spine_workspace,1.879616634540,0.354166666667,0.000000000000,0.000000000000,2.000000000000,1.000000000000,2.000000000000,43;203;296;118;226;74,entity:3;49;79;9;43;9|value:10;49;50;28;41;14|filler:23;60;121;54;95;31|query_marker:7;32;6;16;25;10|query_entity:0;13;40;11;22;10,sgw_broadcast_forced_aux_annealed
12,no_mechanism_output,1.566393341863,0.312500000000,-0.313223292677,-0.041666666667,2.000000000000,1.000000000000,2.000000000000,43;203;296;118;226;74,entity:3;49;79;9;43;9|value:10;49;50;28;41;14|filler:23;60;121;54;95;31|query_marker:7;32;6;16;25;10|query_entity:0;13;40;11;22;10,sgw_broadcast_forced_aux_annealed
12,workspace_disconnected,1.885326423448,0.354166666667,0.005709788909,0.000000000000,2.000000000000,1.000000000000,2.000000000000,36;205;306;116;224;73,entity:2;48;80;7;45;10|value:7;49;53;28;41;14|filler:20;61;127;54;95;27|query_marker:7;32;5;17;23;12|query_entity:0;15;41;10;20;10,sgw_broadcast_forced_aux_annealed
12,permuted_recipients,2.066987029561,0.375000000000,0.187370395021,0.020833333333,2.000000000000,1.000000000000,2.000000000000,37;204;304;113;227;75,entity:1;48;81;9;43;10|value:8;50;52;26;41;15|filler:20;60;123;53;98;30|query_marker:8;32;6;16;23;11|query_entity:0;14;42;9;22;9,sgw_broadcast_forced_aux_annealed
13,intact,2.105581202061,0.416666666667,0.000000000000,0.000000000000,2.000000000000,1.000000000000,2.000000000000,263;44;245;89;184;135,entity:43;1;66;6;46;30|value:54;7;53;34;26;18|filler:117;35;82;28;67;55|query_marker:19;0;22;17;26;12|query_entity:30;1;22;4;19;20,sgw_broadcast_forced_aux_annealed
13,no_broadcast,2.050836913737,0.416666666667,-0.054744288324,0.000000000000,2.000000000000,1.000000000000,2.000000000000,267;42;243;92;187;129,entity:43;1;65;6;48;29|value:54;7;55;34;25;17|filler:119;34;80;33;67;51|query_marker:19;0;21;16;26;14|query_entity:32;0;22;3;21;18,sgw_broadcast_forced_aux_annealed
13,no_workspace_persistence,2.039336485115,0.416666666667,-0.066244716946,0.000000000000,2.000000000000,1.000000000000,2.000000000000,252;50;254;96;187;121,entity:42;0;68;8;45;29|value:55;8;53;33;26;17|filler:111;42;89;32;64;46|query_marker:17;0;21;17;29;12|query_entity:27;0;23;6;23;17,sgw_broadcast_forced_aux_annealed
13,no_workspace_output,2.105581202061,0.416666666667,0.000000000000,0.000000000000,2.000000000000,1.000000000000,2.000000000000,263;44;245;89;184;135,entity:43;1;66;6;46;30|value:54;7;53;34;26;18|filler:117;35;82;28;67;55|query_marker:19;0;22;17;26;12|query_entity:30;1;22;4;19;20,sgw_broadcast_forced_aux_annealed
13,no_spine_workspace,2.105581202061,0.416666666667,0.000000000000,0.000000000000,2.000000000000,1.000000000000,2.000000000000,263;44;245;89;184;135,entity:43;1;66;6;46;30|value:54;7;53;34;26;18|filler:117;35;82;28;67;55|query_marker:19;0;22;17;26;12|query_entity:30;1;22;4;19;20,sgw_broadcast_forced_aux_annealed
13,no_mechanism_output,1.322026974561,0.500000000000,-0.783554227500,0.083333333333,2.000000000000,1.000000000000,2.000000000000,263;44;245;89;184;135,entity:43;1;66;6;46;30|value:54;7;53;34;26;18|filler:117;35;82;28;67;55|query_marker:19;0;22;17;26;12|query_entity:30;1;22;4;19;20,sgw_broadcast_forced_aux_annealed
13,workspace_disconnected,2.050836913737,0.416666666667,-0.054744288324,0.000000000000,2.000000000000,1.000000000000,2.000000000000,267;42;243;92;187;129,entity:43;1;65;6;48;29|value:54;7;55;34;25;17|filler:119;34;80;33;67;51|query_marker:19;0;21;16;26;14|query_entity:32;0;22;3;21;18,sgw_broadcast_forced_aux_annealed
13,permuted_recipients,1.919127694913,0.458333333333,-0.186453507148,0.041666666667,2.000000000000,1.000000000000,2.000000000000,260;40;247;88;201;124,entity:43;1;65;6;48;29|value:52;6;55;34;28;17|filler:117;33;83;29;74;48|query_marker:19;0;23;14;27;13|query_entity:29;0;21;5;24;17,sgw_broadcast_forced_aux_annealed
14,intact,2.434400747167,0.416666666667,0.000000000000,0.000000000000,2.000000000000,1.000000000000,2.000000000000,35;186;227;244;83;185,entity:4;38;40;46;18;46|value:13;36;54;52;11;26|filler:6;78;86;93;40;81|query_marker:7;18;22;25;7;17|query_entity:5;16;25;28;7;15,sgw_broadcast_forced_aux_annealed
14,no_broadcast,2.520510802023,0.416666666667,0.086110054855,0.000000000000,2.000000000000,1.000000000000,2.000000000000,39;182;228;246;81;184,entity:4;40;38;46;16;48|value:11;37;55;52;9;28|filler:8;75;87;95;39;80|query_marker:9;17;23;26;7;14|query_entity:7;13;25;27;10;14,sgw_broadcast_forced_aux_annealed
14,no_workspace_persistence,2.532126889193,0.375000000000,0.097726142026,-0.041666666667,2.000000000000,1.000000000000,2.000000000000,46;186;232;234;72;190,entity:7;39;40;44;15;47|value:15;35;55;50;11;26|filler:10;80;89;89;30;86|query_marker:7;18;23;25;7;16|query_entity:7;14;25;26;9;15,sgw_broadcast_forced_aux_annealed
14,no_workspace_output,2.434400747167,0.416666666667,0.000000000000,0.000000000000,2.000000000000,1.000000000000,2.000000000000,35;186;227;244;83;185,entity:4;38;40;46;18;46|value:13;36;54;52;11;26|filler:6;78;86;93;40;81|query_marker:7;18;22;25;7;17|query_entity:5;16;25;28;7;15,sgw_broadcast_forced_aux_annealed
14,no_spine_workspace,2.434400747167,0.416666666667,0.000000000000,0.000000000000,2.000000000000,1.000000000000,2.000000000000,35;186;227;244;83;185,entity:4;38;40;46;18;46|value:13;36;54;52;11;26|filler:6;78;86;93;40;81|query_marker:7;18;22;25;7;17|query_entity:5;16;25;28;7;15,sgw_broadcast_forced_aux_annealed
14,no_mechanism_output,1.634586941541,0.354166666667,-0.799813805627,-0.062500000000,2.000000000000,1.000000000000,2.000000000000,35;186;227;244;83;185,entity:4;38;40;46;18;46|value:13;36;54;52;11;26|filler:6;78;86;93;40;81|query_marker:7;18;22;25;7;17|query_entity:5;16;25;28;7;15,sgw_broadcast_forced_aux_annealed
14,workspace_disconnected,2.520510802023,0.416666666667,0.086110054855,0.000000000000,2.000000000000,1.000000000000,2.000000000000,39;182;228;246;81;184,entity:4;40;38;46;16;48|value:11;37;55;52;9;28|filler:8;75;87;95;39;80|query_marker:9;17;23;26;7;14|query_entity:7;13;25;27;10;14,sgw_broadcast_forced_aux_annealed
14,permuted_recipients,2.550856160414,0.375000000000,0.116455413247,-0.041666666667,2.000000000000,1.000000000000,2.000000000000,43;182;231;248;78;178,entity:5;40;39;46;17;45|value:13;36;56;52;10;25|filler:7;76;87;98;37;79|query_marker:9;17;23;25;8;14|query_entity:9;13;26;27;6;15,sgw_broadcast_forced_aux_annealed
15,intact,1.879592964211,0.583333333333,0.000000000000,0.000000000000,2.000000000000,1.000000000000,2.000000000000,59;186;151;265;111;188,entity:18;39;28;62;15;30|value:11;44;39;47;23;28|filler:24;63;58;106;52;81|query_marker:2;19;20;23;7;25|query_entity:4;21;6;27;14;24,sgw_broadcast_forced_aux_annealed
15,no_broadcast,1.741597786075,0.562500000000,-0.137995178137,-0.020833333333,2.000000000000,1.000000000000,2.000000000000,66;183;152;263;102;194,entity:20;39;27;61;13;32|value:12;44;38;48;22;28|filler:27;61;59;105;50;82|query_marker:2;18;22;22;6;26|query_entity:5;21;6;27;11;26,sgw_broadcast_forced_aux_annealed
15,no_workspace_persistence,1.827837679064,0.562500000000,-0.051755285147,-0.020833333333,2.000000000000,1.000000000000,2.000000000000,72;208;147;238;125;170,entity:17;40;30;62;17;26|value:12;44;42;41;24;29|filler:35;77;53;88;61;70|query_marker:1;24;17;22;11;21|query_entity:7;23;5;25;12;24,sgw_broadcast_forced_aux_annealed
15,no_workspace_output,1.879592964211,0.583333333333,0.000000000000,0.000000000000,2.000000000000,1.000000000000,2.000000000000,59;186;151;265;111;188,entity:18;39;28;62;15;30|value:11;44;39;47;23;28|filler:24;63;58;106;52;81|query_marker:2;19;20;23;7;25|query_entity:4;21;6;27;14;24,sgw_broadcast_forced_aux_annealed
15,no_spine_workspace,1.879592964211,0.583333333333,0.000000000000,0.000000000000,2.000000000000,1.000000000000,2.000000000000,59;186;151;265;111;188,entity:18;39;28;62;15;30|value:11;44;39;47;23;28|filler:24;63;58;106;52;81|query_marker:2;19;20;23;7;25|query_entity:4;21;6;27;14;24,sgw_broadcast_forced_aux_annealed
15,no_mechanism_output,1.295861876041,0.541666666667,-0.583731088170,-0.041666666667,2.000000000000,1.000000000000,2.000000000000,59;186;151;265;111;188,entity:18;39;28;62;15;30|value:11;44;39;47;23;28|filler:24;63;58;106;52;81|query_marker:2;19;20;23;7;25|query_entity:4;21;6;27;14;24,sgw_broadcast_forced_aux_annealed
15,workspace_disconnected,1.741597786075,0.562500000000,-0.137995178137,-0.020833333333,2.000000000000,1.000000000000,2.000000000000,66;183;152;263;102;194,entity:20;39;27;61;13;32|value:12;44;38;48;22;28|filler:27;61;59;105;50;82|query_marker:2;18;22;22;6;26|query_entity:5;21;6;27;11;26,sgw_broadcast_forced_aux_annealed
15,permuted_recipients,1.732354592659,0.583333333333,-0.147238371552,0.000000000000,2.000000000000,1.000000000000,2.000000000000,62;166;155;267;112;198,entity:18;35;28;63;17;31|value:12;41;39;47;24;29|filler:25;60;57;107;51;84|query_marker:2;14;22;25;8;25|query_entity:5;16;9;25;12;29,sgw_broadcast_forced_aux_annealed
16,intact,2.474790976108,0.416666666667,0.000000000000,0.000000000000,2.000000000000,1.000000000000,2.000000000000,39;264;159;281;62;155,entity:1;60;41;68;2;20|value:13;39;36;51;5;48|filler:13;114;48;110;42;57|query_marker:12;18;18;25;7;16|query_entity:0;33;16;27;6;14,sgw_broadcast_forced_aux_annealed
16,no_broadcast,2.444955795038,0.395833333333,-0.029835181070,-0.020833333333,2.000000000000,1.000000000000,2.000000000000,46;260;168;275;64;147,entity:2;59;41;67;2;21|value:12;38;37;51;6;48|filler:14;113;52;109;43;53|query_marker:15;18;20;22;7;14|query_entity:3;32;18;26;6;11,sgw_broadcast_forced_aux_annealed
16,no_workspace_persistence,2.520216782846,0.354166666667,0.045425806738,-0.062500000000,2.000000000000,1.000000000000,2.000000000000,35;254;185;265;83;138,entity:0;58;41;67;5;21|value:15;40;40;46;6;45|filler:9;108;60;107;52;48|query_marker:9;19;23;20;11;14|query_entity:2;29;21;25;9;10,sgw_broadcast_forced_aux_annealed
16,no_workspace_output,2.474790976108,0.416666666667,0.000000000000,0.000000000000,2.000000000000,1.000000000000,2.000000000000,39;264;159;281;62;155,entity:1;60;41;68;2;20|value:13;39;36;51;5;48|filler:13;114;48;110;42;57|query_marker:12;18;18;25;7;16|query_entity:0;33;16;27;6;14,sgw_broadcast_forced_aux_annealed
16,no_spine_workspace,2.474790976108,0.416666666667,0.000000000000,0.000000000000,2.000000000000,1.000000000000,2.000000000000,39;264;159;281;62;155,entity:1;60;41;68;2;20|value:13;39;36;51;5;48|filler:13;114;48;110;42;57|query_marker:12;18;18;25;7;16|query_entity:0;33;16;27;6;14,sgw_broadcast_forced_aux_annealed
16,no_mechanism_output,1.500814219639,0.437500000000,-0.973976756470,0.020833333333,2.000000000000,1.000000000000,2.000000000000,39;264;159;281;62;155,entity:1;60;41;68;2;20|value:13;39;36;51;5;48|filler:13;114;48;110;42;57|query_marker:12;18;18;25;7;16|query_entity:0;33;16;27;6;14,sgw_broadcast_forced_aux_annealed
16,workspace_disconnected,2.444955795038,0.395833333333,-0.029835181070,-0.020833333333,2.000000000000,1.000000000000,2.000000000000,46;260;168;275;64;147,entity:2;59;41;67;2;21|value:12;38;37;51;6;48|filler:14;113;52;109;43;53|query_marker:15;18;20;22;7;14|query_entity:3;32;18;26;6;11,sgw_broadcast_forced_aux_annealed
16,permuted_recipients,2.331929569093,0.395833333333,-0.142861407015,-0.020833333333,2.000000000000,1.000000000000,2.000000000000,41;255;161;280;65;158,entity:1;59;41;68;1;22|value:14;37;37;51;6;47|filler:12;112;48;112;44;56|query_marker:13;17;18;22;8;18|query_entity:1;30;17;27;6;15,sgw_broadcast_forced_aux_annealed
17,intact,1.715846759872,0.583333333333,0.000000000000,0.000000000000,2.000000000000,1.000000000000,2.000000000000,62;256;77;142;202;221,entity:19;54;9;31;36;43|value:20;44;24;14;43;47|filler:18;95;31;74;77;89|query_marker:2;34;8;9;24;19|query_entity:3;29;5;14;22;23,sgw_broadcast_forced_aux_annealed
17,no_broadcast,1.795860929364,0.500000000000,0.080014169492,-0.083333333333,2.000000000000,1.000000000000,2.000000000000,94;236;74;131;202;223,entity:23;51;8;32;35;43|value:21;40;26;14;43;48|filler:38;87;26;64;75;94|query_marker:8;31;9;9;25;14|query_entity:4;27;5;12;24;24,sgw_broadcast_forced_aux_annealed
17,no_workspace_persistence,1.663055342191,0.562500000000,-0.052791417681,-0.020833333333,2.000000000000,1.000000000000,2.000000000000,72;234;79;137;208;230,entity:19;52;8;32;35;46|value:26;34;27;11;48;46|filler:22;89;32;74;74;93|query_marker:5;30;8;8;26;19|query_entity:0;29;4;12;25;26,sgw_broadcast_forced_aux_annealed
17,no_workspace_output,1.715846759872,0.583333333333,0.000000000000,0.000000000000,2.000000000000,1.000000000000,2.000000000000,62;256;77;142;202;221,entity:19;54;9;31;36;43|value:20;44;24;14;43;47|filler:18;95;31;74;77;89|query_marker:2;34;8;9;24;19|query_entity:3;29;5;14;22;23,sgw_broadcast_forced_aux_annealed
17,no_spine_workspace,1.715846759872,0.583333333333,0.000000000000,0.000000000000,2.000000000000,1.000000000000,2.000000000000,62;256;77;142;202;221,entity:19;54;9;31;36;43|value:20;44;24;14;43;47|filler:18;95;31;74;77;89|query_marker:2;34;8;9;24;19|query_entity:3;29;5;14;22;23,sgw_broadcast_forced_aux_annealed
17,no_mechanism_output,1.462988536642,0.562500000000,-0.252858223230,-0.020833333333,2.000000000000,1.000000000000,2.000000000000,62;256;77;142;202;221,entity:19;54;9;31;36;43|value:20;44;24;14;43;47|filler:18;95;31;74;77;89|query_marker:2;34;8;9;24;19|query_entity:3;29;5;14;22;23,sgw_broadcast_forced_aux_annealed
17,workspace_disconnected,1.795860929364,0.500000000000,0.080014169492,-0.083333333333,2.000000000000,1.000000000000,2.000000000000,94;236;74;131;202;223,entity:23;51;8;32;35;43|value:21;40;26;14;43;48|filler:38;87;26;64;75;94|query_marker:8;31;9;9;25;14|query_entity:4;27;5;12;24;24,sgw_broadcast_forced_aux_annealed
17,permuted_recipients,1.817847606102,0.500000000000,0.102000846230,-0.083333333333,2.000000000000,1.000000000000,2.000000000000,109;229;73;140;210;199,entity:24;51;8;32;36;41|value:23;38;26;13;45;47|filler:44;86;26;70;79;79|query_marker:11;29;9;10;25;12|query_entity:7;25;4;15;25;20,sgw_broadcast_forced_aux_annealed
18,intact,1.036217858116,0.625000000000,0.000000000000,0.000000000000,2.000000000000,1.000000000000,2.000000000000,136;66;126;132;228;272,entity:27;4;19;28;63;51|value:31;15;35;33;36;42|filler:60;36;55;42;76;115|query_marker:9;4;8;19;22;34|query_entity:9;7;9;10;31;30,sgw_broadcast_forced_aux_annealed
18,no_broadcast,1.063463038154,0.625000000000,0.027245180037,0.000000000000,2.000000000000,1.000000000000,2.000000000000,133;62;130;118;245;272,entity:27;3;19;27;64;52|value:30;15;38;30;38;41|filler:59;31;55;37;83;119|query_marker:6;4;10;17;27;32|query_entity:11;9;8;7;33;28,sgw_broadcast_forced_aux_annealed
18,no_workspace_persistence,0.929677432696,0.666666666667,-0.106540425420,0.041666666667,2.000000000000,1.000000000000,2.000000000000,153;62;132;113;241;259,entity:30;2;20;26;63;51|value:37;14;37;29;37;38|filler:67;33;58;32;84;110|query_marker:10;4;9;15;25;33|query_entity:9;9;8;11;32;27,sgw_broadcast_forced_aux_annealed
18,no_workspace_output,1.036217858116,0.625000000000,0.000000000000,0.000000000000,2.000000000000,1.000000000000,2.000000000000,136;66;126;132;228;272,entity:27;4;19;28;63;51|value:31;15;35;33;36;42|filler:60;36;55;42;76;115|query_marker:9;4;8;19;22;34|query_entity:9;7;9;10;31;30,sgw_broadcast_forced_aux_annealed
18,no_spine_workspace,1.036217858116,0.625000000000,0.000000000000,0.000000000000,2.000000000000,1.000000000000,2.000000000000,136;66;126;132;228;272,entity:27;4;19;28;63;51|value:31;15;35;33;36;42|filler:60;36;55;42;76;115|query_marker:9;4;8;19;22;34|query_entity:9;7;9;10;31;30,sgw_broadcast_forced_aux_annealed
18,no_mechanism_output,0.843556592210,0.645833333333,-0.192661265906,0.020833333333,2.000000000000,1.000000000000,2.000000000000,136;66;126;132;228;272,entity:27;4;19;28;63;51|value:31;15;35;33;36;42|filler:60;36;55;42;76;115|query_marker:9;4;8;19;22;34|query_entity:9;7;9;10;31;30,sgw_broadcast_forced_aux_annealed
18,workspace_disconnected,1.063463038154,0.625000000000,0.027245180037,0.000000000000,2.000000000000,1.000000000000,2.000000000000,133;62;130;118;245;272,entity:27;3;19;27;64;52|value:30;15;38;30;38;41|filler:59;31;55;37;83;119|query_marker:6;4;10;17;27;32|query_entity:11;9;8;7;33;28,sgw_broadcast_forced_aux_annealed
18,permuted_recipients,1.021203097299,0.666666666667,-0.015014760817,0.041666666667,2.000000000000,1.000000000000,2.000000000000,125;66;135;126;255;253,entity:27;2;21;26;65;51|value:30;17;37;33;38;37|filler:56;36;55;40;86;111|query_marker:5;4;12;18;29;28|query_entity:7;7;10;9;37;26,sgw_broadcast_forced_aux_annealed
19,intact,2.000892661414,0.458333333333,0.000000000000,0.000000000000,2.000000000000,1.000000000000,2.000000000000,176;57;66;211;237;213,entity:41;8;4;34;49;56|value:25;26;22;35;52;32|filler:72;21;33;98;97;63|query_marker:22;0;2;27;15;30|query_entity:16;2;5;17;24;32,sgw_broadcast_forced_aux_annealed
19,no_broadcast,2.065627888461,0.458333333333,0.064735227047,0.000000000000,2.000000000000,1.000000000000,2.000000000000,176;59;84;195;238;208,entity:43;8;5;33;48;55|value:25;26;26;30;52;33|filler:70;22;47;91;96;58|query_marker:23;0;1;26;17;29|query_entity:15;3;5;15;25;33,sgw_broadcast_forced_aux_annealed
19,no_workspace_persistence,1.765100491528,0.458333333333,-0.235792169886,0.000000000000,2.000000000000,1.000000000000,2.000000000000,196;58;72;176;233;225,entity:44;7;4;30;49;58|value:25;27;24;30;51;35|filler:85;23;35;79;93;69|query_marker:26;0;4;23;15;28|query_entity:16;1;5;14;25;35,sgw_broadcast_forced_aux_annealed
19,no_workspace_output,2.000892661414,0.458333333333,0.000000000000,0.000000000000,2.000000000000,1.000000000000,2.000000000000,176;57;66;211;237;213,entity:41;8;4;34;49;56|value:25;26;22;35;52;32|filler:72;21;33;98;97;63|query_marker:22;0;2;27;15;30|query_entity:16;2;5;17;24;32,sgw_broadcast_forced_aux_annealed
19,no_spine_workspace,2.000892661414,0.458333333333,0.000000000000,0.000000000000,2.000000000000,1.000000000000,2.000000000000,176;57;66;211;237;213,entity:41;8;4;34;49;56|value:25;26;22;35;52;32|filler:72;21;33;98;97;63|query_marker:22;0;2;27;15;30|query_entity:16;2;5;17;24;32,sgw_broadcast_forced_aux_annealed
19,no_mechanism_output,1.228842090856,0.541666666667,-0.772050570557,0.083333333333,2.000000000000,1.000000000000,2.000000000000,176;57;66;211;237;213,entity:41;8;4;34;49;56|value:25;26;22;35;52;32|filler:72;21;33;98;97;63|query_marker:22;0;2;27;15;30|query_entity:16;2;5;17;24;32,sgw_broadcast_forced_aux_annealed
19,workspace_disconnected,2.065627888461,0.458333333333,0.064735227047,0.000000000000,2.000000000000,1.000000000000,2.000000000000,176;59;84;195;238;208,entity:43;8;5;33;48;55|value:25;26;26;30;52;33|filler:70;22;47;91;96;58|query_marker:23;0;1;26;17;29|query_entity:15;3;5;15;25;33,sgw_broadcast_forced_aux_annealed
19,permuted_recipients,2.147110760714,0.416666666667,0.146218099300,-0.041666666667,2.000000000000,1.000000000000,2.000000000000,171;56;62;222;239;210,entity:39;8;5;35;49;56|value:23;25;23;36;52;33|filler:74;21;30;102;97;60|query_marker:19;0;1;31;16;29|query_entity:16;2;3;18;25;32,sgw_broadcast_forced_aux_annealed
20,intact,1.592726643162,0.520833333333,0.000000000000,0.000000000000,2.000000000000,1.000000000000,2.000000000000,113;105;133;123;186;300,entity:17;10;34;18;38;75|value:44;28;19;28;22;51|filler:41;63;58;38;74;110|query_marker:3;2;7;26;25;33|query_entity:8;2;15;13;27;31,sgw_broadcast_forced_aux_annealed
20,no_broadcast,1.573877180174,0.520833333333,-0.018849462988,0.000000000000,2.000000000000,1.000000000000,2.000000000000,111;109;127;128;189;296,entity:16;10;33;19;39;75|value:44;29;18;29;22;50|filler:40;65;55;40;75;109|query_marker:3;2;6;27;26;32|query_entity:8;3;15;13;27;30,sgw_broadcast_forced_aux_annealed
20,no_workspace_persistence,1.608730622090,0.479166666667,0.016003978928,-0.041666666667,2.000000000000,1.000000000000,2.000000000000,109;110;159;105;187;290,entity:16;10;35;15;42;74|value:43;29;21;32;18;49|filler:41;67;66;26;75;109|query_marker:3;2;14;20;25;32|query_entity:6;2;23;12;27;26,sgw_broadcast_forced_aux_annealed
20,no_workspace_output,1.592726643162,0.520833333333,0.000000000000,0.000000000000,2.000000000000,1.000000000000,2.000000000000,113;105;133;123;186;300,entity:17;10;34;18;38;75|value:44;28;19;28;22;51|filler:41;63;58;38;74;110|query_marker:3;2;7;26;25;33|query_entity:8;2;15;13;27;31,sgw_broadcast_forced_aux_annealed
20,no_spine_workspace,1.592726643162,0.520833333333,0.000000000000,0.000000000000,2.000000000000,1.000000000000,2.000000000000,113;105;133;123;186;300,entity:17;10;34;18;38;75|value:44;28;19;28;22;51|filler:41;63;58;38;74;110|query_marker:3;2;7;26;25;33|query_entity:8;2;15;13;27;31,sgw_broadcast_forced_aux_annealed
20,no_mechanism_output,1.321579486509,0.479166666667,-0.271147156653,-0.041666666667,2.000000000000,1.000000000000,2.000000000000,113;105;133;123;186;300,entity:17;10;34;18;38;75|value:44;28;19;28;22;51|filler:41;63;58;38;74;110|query_marker:3;2;7;26;25;33|query_entity:8;2;15;13;27;31,sgw_broadcast_forced_aux_annealed
20,workspace_disconnected,1.573877180174,0.520833333333,-0.018849462988,0.000000000000,2.000000000000,1.000000000000,2.000000000000,111;109;127;128;189;296,entity:16;10;33;19;39;75|value:44;29;18;29;22;50|filler:40;65;55;40;75;109|query_marker:3;2;6;27;26;32|query_entity:8;3;15;13;27;30,sgw_broadcast_forced_aux_annealed
20,permuted_recipients,1.569025686137,0.541666666667,-0.023700957025,0.020833333333,2.000000000000,1.000000000000,2.000000000000,109;109;128;123;186;305,entity:16;10;33;19;39;75|value:44;29;18;29;21;51|filler:38;66;57;37;74;112|query_marker:3;1;6;25;26;35|query_entity:8;3;14;13;26;32,sgw_broadcast_forced_aux_annealed
21,intact,1.958868188843,0.500000000000,0.000000000000,0.000000000000,2.000000000000,1.000000000000,2.000000000000,177;123;112;150;153;245,entity:38;27;22;31;30;44|value:32;26;15;28;30;61|filler:74;49;43;67;56;95|query_marker:14;12;17;11;21;21|query_entity:19;9;15;13;16;24,sgw_broadcast_forced_aux_annealed
21,no_broadcast,1.962914692975,0.520833333333,0.004046504132,0.020833333333,2.000000000000,1.000000000000,2.000000000000,178;125;111;150;154;242,entity:38;27;22;31;30;44|value:32;26;15;27;31;61|filler:74;52;43;67;55;93|query_marker:14;12;17;11;21;21|query_entity:20;8;14;14;17;23,sgw_broadcast_forced_aux_annealed
21,no_workspace_persistence,2.017720838740,0.541666666667,0.058852649896,0.041666666667,2.000000000000,1.000000000000,2.000000000000,171;111;131;154;150;243,entity:38;27;22;31;30;44|value:32;24;22;26;32;56|filler:71;43;52;70;52;96|query_marker:11;9;19;13;20;24|query_entity:19;8;16;14;16;23,sgw_broadcast_forced_aux_annealed
21,no_workspace_output,1.958868188843,0.500000000000,0.000000000000,0.000000000000,2.000000000000,1.000000000000,2.000000000000,177;123;112;150;153;245,entity:38;27;22;31;30;44|value:32;26;15;28;30;61|filler:74;49;43;67;56;95|query_marker:14;12;17;11;21;21|query_entity:19;9;15;13;16;24,sgw_broadcast_forced_aux_annealed
21,no_spine_workspace,1.958868188843,0.500000000000,0.000000000000,0.000000000000,2.000000000000,1.000000000000,2.000000000000,177;123;112;150;153;245,entity:38;27;22;31;30;44|value:32;26;15;28;30;61|filler:74;49;43;67;56;95|query_marker:14;12;17;11;21;21|query_entity:19;9;15;13;16;24,sgw_broadcast_forced_aux_annealed
21,no_mechanism_output,1.354883833399,0.479166666667,-0.603984355444,-0.020833333333,2.000000000000,1.000000000000,2.000000000000,177;123;112;150;153;245,entity:38;27;22;31;30;44|value:32;26;15;28;30;61|filler:74;49;43;67;56;95|query_marker:14;12;17;11;21;21|query_entity:19;9;15;13;16;24,sgw_broadcast_forced_aux_annealed
21,workspace_disconnected,1.962914692975,0.520833333333,0.004046504132,0.020833333333,2.000000000000,1.000000000000,2.000000000000,178;125;111;150;154;242,entity:38;27;22;31;30;44|value:32;26;15;27;31;61|filler:74;52;43;67;55;93|query_marker:14;12;17;11;21;21|query_entity:20;8;14;14;17;23,sgw_broadcast_forced_aux_annealed
21,permuted_recipients,1.971150839198,0.520833333333,0.012282650355,0.020833333333,2.000000000000,1.000000000000,2.000000000000,181;126;111;156;145;241,entity:39;27;22;31;29;44|value:32;26;15;29;29;61|filler:75;53;41;69;53;93|query_marker:14;12;17;13;19;21|query_entity:21;8;16;14;15;22,sgw_broadcast_forced_aux_annealed
22,intact,1.628484878510,0.541666666667,0.000000000000,0.000000000000,2.000000000000,1.000000000000,2.000000000000,294;151;139;106;199;71,entity:40;25;47;21;49;10|value:61;26;25;20;43;17|filler:133;64;46;45;68;28|query_marker:24;21;8;9;21;13|query_entity:36;15;13;11;18;3,sgw_broadcast_forced_aux_annealed
22,no_broadcast,1.692720605357,0.562500000000,0.064235726847,0.020833333333,2.000000000000,1.000000000000,2.000000000000,288;145;142;113;204;68,entity:39;24;47;22;49;11|value:58;26;26;22;42;18|filler:132;63;45;46;71;27|query_marker:24;19;10;9;24;10|query_entity:35;13;14;14;18;2,sgw_broadcast_forced_aux_annealed
22,no_workspace_persistence,1.629479910409,0.520833333333,0.000995031899,-0.020833333333,2.000000000000,1.000000000000,2.000000000000,293;157;145;100;207;58,entity:43;23;49;19;48;10|value:57;28;26;22;42;17|filler:127;72;48;41;75;21|query_marker:32;19;10;5;22;8|query_entity:34;15;12;13;20;2,sgw_broadcast_forced_aux_annealed
22,no_workspace_output,1.628484878510,0.541666666667,0.000000000000,0.000000000000,2.000000000000,1.000000000000,2.000000000000,294;151;139;106;199;71,entity:40;25;47;21;49;10|value:61;26;25;20;43;17|filler:133;64;46;45;68;28|query_marker:24;21;8;9;21;13|query_entity:36;15;13;11;18;3,sgw_broadcast_forced_aux_annealed
22,no_spine_workspace,1.628484878510,0.541666666667,0.000000000000,0.000000000000,2.000000000000,1.000000000000,2.000000000000,294;151;139;106;199;71,entity:40;25;47;21;49;10|value:61;26;25;20;43;17|filler:133;64;46;45;68;28|query_marker:24;21;8;9;21;13|query_entity:36;15;13;11;18;3,sgw_broadcast_forced_aux_annealed
22,no_mechanism_output,1.275837552434,0.437500000000,-0.352647326076,-0.104166666667,2.000000000000,1.000000000000,2.000000000000,294;151;139;106;199;71,entity:40;25;47;21;49;10|value:61;26;25;20;43;17|filler:133;64;46;45;68;28|query_marker:24;21;8;9;21;13|query_entity:36;15;13;11;18;3,sgw_broadcast_forced_aux_annealed
22,workspace_disconnected,1.692720605357,0.562500000000,0.064235726847,0.020833333333,2.000000000000,1.000000000000,2.000000000000,288;145;142;113;204;68,entity:39;24;47;22;49;11|value:58;26;26;22;42;18|filler:132;63;45;46;71;27|query_marker:24;19;10;9;24;10|query_entity:35;13;14;14;18;2,sgw_broadcast_forced_aux_annealed
22,permuted_recipients,1.658947918341,0.541666666667,0.030463039831,0.000000000000,2.000000000000,1.000000000000,2.000000000000,279;155;141;111;201;73,entity:37;24;47;23;50;11|value:59;27;25;22;42;17|filler:127;65;47;44;70;31|query_marker:23;23;9;9;21;11|query_entity:33;16;13;13;18;3,sgw_broadcast_forced_aux_annealed
23,intact,1.758703483387,0.583333333333,0.000000000000,0.000000000000,2.000000000000,1.000000000000,2.000000000000,73;166;189;243;26;263,entity:13;45;50;49;0;35|value:23;27;32;54;2;54|filler:26;58;57;96;17;130|query_marker:4;17;27;24;4;20|query_entity:7;19;23;20;3;24,sgw_broadcast_forced_aux_annealed
23,no_broadcast,1.718737453240,0.583333333333,-0.039966030147,0.000000000000,2.000000000000,1.000000000000,2.000000000000,88;151;188;244;28;261,entity:17;43;51;48;0;33|value:23;26;33;52;4;54|filler:33;50;56;99;17;129|query_marker:4;16;27;24;5;20|query_entity:11;16;21;21;2;25,sgw_broadcast_forced_aux_annealed
23,no_workspace_persistence,1.724624674537,0.604166666667,-0.034078808850,0.020833333333,2.000000000000,1.000000000000,2.000000000000,76;166;178;264;27;249,entity:13;46;48;52;0;33|value:22;29;33;55;3;50|filler:38;54;50;104;18;120|query_marker:1;17;24;27;3;24|query_entity:2;20;23;26;3;22,sgw_broadcast_forced_aux_annealed
23,no_workspace_output,1.758703483387,0.583333333333,0.000000000000,0.000000000000,2.000000000000,1.000000000000,2.000000000000,73;166;189;243;26;263,entity:13;45;50;49;0;35|value:23;27;32;54;2;54|filler:26;58;57;96;17;130|query_marker:4;17;27;24;4;20|query_entity:7;19;23;20;3;24,sgw_broadcast_forced_aux_annealed
23,no_spine_workspace,1.758703483387,0.583333333333,0.000000000000,0.000000000000,2.000000000000,1.000000000000,2.000000000000,73;166;189;243;26;263,entity:13;45;50;49;0;35|value:23;27;32;54;2;54|filler:26;58;57;96;17;130|query_marker:4;17;27;24;4;20|query_entity:7;19;23;20;3;24,sgw_broadcast_forced_aux_annealed
23,no_mechanism_output,1.152074382984,0.604166666667,-0.606629100403,0.020833333333,2.000000000000,1.000000000000,2.000000000000,73;166;189;243;26;263,entity:13;45;50;49;0;35|value:23;27;32;54;2;54|filler:26;58;57;96;17;130|query_marker:4;17;27;24;4;20|query_entity:7;19;23;20;3;24,sgw_broadcast_forced_aux_annealed
23,workspace_disconnected,1.718737453240,0.583333333333,-0.039966030147,0.000000000000,2.000000000000,1.000000000000,2.000000000000,88;151;188;244;28;261,entity:17;43;51;48;0;33|value:23;26;33;52;4;54|filler:33;50;56;99;17;129|query_marker:4;16;27;24;5;20|query_entity:11;16;21;21;2;25,sgw_broadcast_forced_aux_annealed
23,permuted_recipients,1.769875331933,0.583333333333,0.011171848546,0.000000000000,2.000000000000,1.000000000000,2.000000000000,81;146;195;243;28;267,entity:16;43;51;48;0;34|value:23;26;33;53;3;54|filler:31;47;59;100;18;129|query_marker:4;15;29;21;5;22|query_entity:7;15;23;21;2;28,sgw_broadcast_forced_aux_annealed
24,intact,1.950185688446,0.437500000000,0.000000000000,0.000000000000,2.000000000000,1.000000000000,2.000000000000,60;259;160;228;89;164,entity:5;52;29;52;25;29|value:9;55;38;41;22;27|filler:44;87;45;98;29;81|query_marker:0;38;21;20;3;14|query_entity:2;27;27;17;10;13,sgw_broadcast_forced_aux_annealed
24,no_broadcast,1.906950095594,0.437500000000,-0.043235592852,0.000000000000,2.000000000000,1.000000000000,2.000000000000,60;260;162;224;95;159,entity:5;52;29;52;25;29|value:8;57;38;39;24;26|filler:44;85;46;98;31;80|query_marker:0;38;23;18;3;14|query_entity:3;28;26;17;12;10,sgw_broadcast_forced_aux_annealed
24,no_workspace_persistence,1.890595370286,0.416666666667,-0.059590318161,-0.020833333333,2.000000000000,1.000000000000,2.000000000000,66;253;133;248;85;175,entity:7;51;27;51;23;33|value:10;55;37;43;23;24|filler:44;82;38;111;26;83|query_marker:2;36;11;22;3;22|query_entity:3;29;20;21;10;13,sgw_broadcast_forced_aux_annealed
24,no_workspace_output,1.950185688446,0.437500000000,0.000000000000,0.000000000000,2.000000000000,1.000000000000,2.000000000000,60;259;160;228;89;164,entity:5;52;29;52;25;29|value:9;55;38;41;22;27|filler:44;87;45;98;29;81|query_marker:0;38;21;20;3;14|query_entity:2;27;27;17;10;13,sgw_broadcast_forced_aux_annealed
24,no_spine_workspace,1.950185688446,0.437500000000,0.000000000000,0.000000000000,2.000000000000,1.000000000000,2.000000000000,60;259;160;228;89;164,entity:5;52;29;52;25;29|value:9;55;38;41;22;27|filler:44;87;45;98;29;81|query_marker:0;38;21;20;3;14|query_entity:2;27;27;17;10;13,sgw_broadcast_forced_aux_annealed
24,no_mechanism_output,1.394910088095,0.375000000000,-0.555275600351,-0.062500000000,2.000000000000,1.000000000000,2.000000000000,60;259;160;228;89;164,entity:5;52;29;52;25;29|value:9;55;38;41;22;27|filler:44;87;45;98;29;81|query_marker:0;38;21;20;3;14|query_entity:2;27;27;17;10;13,sgw_broadcast_forced_aux_annealed
24,workspace_disconnected,1.906950095594,0.437500000000,-0.043235592852,0.000000000000,2.000000000000,1.000000000000,2.000000000000,60;260;162;224;95;159,entity:5;52;29;52;25;29|value:8;57;38;39;24;26|filler:44;85;46;98;31;80|query_marker:0;38;23;18;3;14|query_entity:3;28;26;17;12;10,sgw_broadcast_forced_aux_annealed
24,permuted_recipients,1.969862836303,0.437500000000,0.019677147857,0.000000000000,2.000000000000,1.000000000000,2.000000000000,54;258;177;221;94;156,entity:5;52;30;51;24;30|value:8;57;39;39;25;24|filler:39;86;55;98;29;77|query_marker:0;36;25;16;5;14|query_entity:2;27;28;17;11;11,sgw_broadcast_forced_aux_annealed
25,intact,1.312873620021,0.604166666667,0.000000000000,0.000000000000,2.000000000000,1.000000000000,2.000000000000,65;39;212;212;268;164,entity:7;3;50;57;52;23|value:19;4;34;36;65;34|filler:29;22;97;80;97;59|query_marker:7;6;17;23;23;20|query_entity:3;4;14;16;31;28,sgw_broadcast_forced_aux_annealed
25,no_broadcast,1.280623215152,0.645833333333,-0.032250404868,0.041666666667,2.000000000000,1.000000000000,2.000000000000,68;39;212;218;270;153,entity:7;4;50;57;52;22|value:20;5;34;36;65;32|filler:31;22;95;81;97;58|query_marker:6;5;17;26;24;18|query_entity:4;3;16;18;32;23,sgw_broadcast_forced_aux_annealed
25,no_workspace_persistence,1.373103389167,0.583333333333,0.060229769147,-0.020833333333,2.000000000000,1.000000000000,2.000000000000,58;33;218;212;270;169,entity:5;4;49;57;52;25|value:17;2;35;38;62;38|filler:31;18;100;80;98;57|query_marker:4;5;18;23;25;21|query_entity:1;4;16;14;33;28,sgw_broadcast_forced_aux_annealed
25,no_workspace_output,1.312873620021,0.604166666667,0.000000000000,0.000000000000,2.000000000000,1.000000000000,2.000000000000,65;39;212;212;268;164,entity:7;3;50;57;52;23|value:19;4;34;36;65;34|filler:29;22;97;80;97;59|query_marker:7;6;17;23;23;20|query_entity:3;4;14;16;31;28,sgw_broadcast_forced_aux_annealed
25,no_spine_workspace,1.312873620021,0.604166666667,0.000000000000,0.000000000000,2.000000000000,1.000000000000,2.000000000000,65;39;212;212;268;164,entity:7;3;50;57;52;23|value:19;4;34;36;65;34|filler:29;22;97;80;97;59|query_marker:7;6;17;23;23;20|query_entity:3;4;14;16;31;28,sgw_broadcast_forced_aux_annealed
25,no_mechanism_output,1.176213610625,0.520833333333,-0.136660009396,-0.083333333333,2.000000000000,1.000000000000,2.000000000000,65;39;212;212;268;164,entity:7;3;50;57;52;23|value:19;4;34;36;65;34|filler:29;22;97;80;97;59|query_marker:7;6;17;23;23;20|query_entity:3;4;14;16;31;28,sgw_broadcast_forced_aux_annealed
25,workspace_disconnected,1.280623215152,0.645833333333,-0.032250404868,0.041666666667,2.000000000000,1.000000000000,2.000000000000,68;39;212;218;270;153,entity:7;4;50;57;52;22|value:20;5;34;36;65;32|filler:31;22;95;81;97;58|query_marker:6;5;17;26;24;18|query_entity:4;3;16;18;32;23,sgw_broadcast_forced_aux_annealed
25,permuted_recipients,1.233284116182,0.666666666667,-0.079589503839,0.062500000000,2.000000000000,1.000000000000,2.000000000000,71;33;212;216;275;153,entity:8;1;51;57;52;23|value:16;5;35;36;66;34|filler:34;19;93;80;102;56|query_marker:6;4;19;25;23;19|query_entity:7;4;14;18;32;21,sgw_broadcast_forced_aux_annealed
26,intact,1.509733025369,0.520833333333,0.000000000000,0.000000000000,2.000000000000,1.000000000000,2.000000000000,302;96;22;175;131;234,entity:67;27;0;41;24;33|value:67;10;16;19;31;49|filler:101;44;4;77;65;93|query_marker:30;3;1;19;2;41|query_entity:37;12;1;19;9;18,sgw_broadcast_forced_aux_annealed
26,no_broadcast,1.508726380659,0.520833333333,-0.001006644711,0.000000000000,2.000000000000,1.000000000000,2.000000000000,301;96;25;180;128;230,entity:67;27;0;41;24;33|value:67;10;16;20;31;48|filler:101;45;4;79;64;91|query_marker:30;3;1;20;3;39|query_entity:36;11;4;20;6;19,sgw_broadcast_forced_aux_annealed
26,no_workspace_persistence,1.492050067819,0.583333333333,-0.017682957550,0.062500000000,2.000000000000,1.000000000000,2.000000000000,279;107;31;158;162;223,entity:65;27;0;42;26;32|value:63;14;17;14;34;50|filler:94;46;9;69;80;86|query_marker:25;6;1;18;10;36|query_entity:32;14;4;15;12;19,sgw_broadcast_forced_aux_annealed
26,no_workspace_output,1.509733025369,0.520833333333,0.000000000000,0.000000000000,2.000000000000,1.000000000000,2.000000000000,302;96;22;175;131;234,entity:67;27;0;41;24;33|value:67;10;16;19;31;49|filler:101;44;4;77;65;93|query_marker:30;3;1;19;2;41|query_entity:37;12;1;19;9;18,sgw_broadcast_forced_aux_annealed
26,no_spine_workspace,1.509733025369,0.520833333333,0.000000000000,0.000000000000,2.000000000000,1.000000000000,2.000000000000,302;96;22;175;131;234,entity:67;27;0;41;24;33|value:67;10;16;19;31;49|filler:101;44;4;77;65;93|query_marker:30;3;1;19;2;41|query_entity:37;12;1;19;9;18,sgw_broadcast_forced_aux_annealed
26,no_mechanism_output,1.222936423886,0.437500000000,-0.286796601483,-0.083333333333,2.000000000000,1.000000000000,2.000000000000,302;96;22;175;131;234,entity:67;27;0;41;24;33|value:67;10;16;19;31;49|filler:101;44;4;77;65;93|query_marker:30;3;1;19;2;41|query_entity:37;12;1;19;9;18,sgw_broadcast_forced_aux_annealed
26,workspace_disconnected,1.508726380659,0.520833333333,-0.001006644711,0.000000000000,2.000000000000,1.000000000000,2.000000000000,301;96;25;180;128;230,entity:67;27;0;41;24;33|value:67;10;16;20;31;48|filler:101;45;4;79;64;91|query_marker:30;3;1;20;3;39|query_entity:36;11;4;20;6;19,sgw_broadcast_forced_aux_annealed
26,permuted_recipients,1.453716291034,0.541666666667,-0.056016734335,0.020833333333,2.000000000000,1.000000000000,2.000000000000,303;102;24;164;129;238,entity:67;28;0;40;23;34|value:67;10;15;18;31;51|filler:101;46;6;73;64;94|query_marker:31;6;1;16;3;39|query_entity:37;12;2;17;8;20,sgw_broadcast_forced_aux_annealed
27,intact,1.231605943772,0.625000000000,0.000000000000,0.000000000000,2.000000000000,1.000000000000,2.000000000000,270;141;141;129;238;41,entity:61;21;28;30;47;5|value:54;33;30;20;47;8|filler:102;61;55;61;90;15|query_marker:26;12;14;11;26;7|query_entity:27;14;14;7;28;6,sgw_broadcast_forced_aux_annealed
27,no_broadcast,1.296837867820,0.604166666667,0.065231924048,-0.020833333333,2.000000000000,1.000000000000,2.000000000000,267;130;144;135;245;39,entity:60;20;29;30;48;5|value:55;31;31;20;47;8|filler:100;55;58;66;91;14|query_marker:25;11;12;11;30;7|query_entity:27;13;14;8;29;5,sgw_broadcast_forced_aux_annealed
27,no_workspace_persistence,1.366481986684,0.562500000000,0.134876042912,-0.062500000000,2.000000000000,1.000000000000,2.000000000000,283;129;161;135;222;30,entity:64;20;30;28;47;3|value:58;34;31;23;42;4|filler:105;53;64;65;80;17|query_marker:28;8;18;11;27;4|query_entity:28;14;18;8;26;2,sgw_broadcast_forced_aux_annealed
27,no_workspace_output,1.231605943772,0.625000000000,0.000000000000,0.000000000000,2.000000000000,1.000000000000,2.000000000000,270;141;141;129;238;41,entity:61;21;28;30;47;5|value:54;33;30;20;47;8|filler:102;61;55;61;90;15|query_marker:26;12;14;11;26;7|query_entity:27;14;14;7;28;6,sgw_broadcast_forced_aux_annealed
27,no_spine_workspace,1.231605943772,0.625000000000,0.000000000000,0.000000000000,2.000000000000,1.000000000000,2.000000000000,270;141;141;129;238;41,entity:61;21;28;30;47;5|value:54;33;30;20;47;8|filler:102;61;55;61;90;15|query_marker:26;12;14;11;26;7|query_entity:27;14;14;7;28;6,sgw_broadcast_forced_aux_annealed
27,no_mechanism_output,1.117433495450,0.479166666667,-0.114172448322,-0.145833333333,2.000000000000,1.000000000000,2.000000000000,270;141;141;129;238;41,entity:61;21;28;30;47;5|value:54;33;30;20;47;8|filler:102;61;55;61;90;15|query_marker:26;12;14;11;26;7|query_entity:27;14;14;7;28;6,sgw_broadcast_forced_aux_annealed
27,workspace_disconnected,1.296837867820,0.604166666667,0.065231924048,-0.020833333333,2.000000000000,1.000000000000,2.000000000000,267;130;144;135;245;39,entity:60;20;29;30;48;5|value:55;31;31;20;47;8|filler:100;55;58;66;91;14|query_marker:25;11;12;11;30;7|query_entity:27;13;14;8;29;5,sgw_broadcast_forced_aux_annealed
27,permuted_recipients,1.398028100626,0.604166666667,0.166422156854,-0.020833333333,2.000000000000,1.000000000000,2.000000000000,257;143;148;133;240;39,entity:59;21;30;30;46;6|value:53;32;31;22;47;7|filler:94;62;58;63;92;15|query_marker:26;12;15;9;27;7|query_entity:25;16;14;9;28;4,sgw_broadcast_forced_aux_annealed
28,intact,1.645346927025,0.520833333333,0.000000000000,0.000000000000,2.000000000000,1.000000000000,2.000000000000,227;235;148;147;153;50,entity:47;49;20;41;29;6|value:42;61;14;38;28;9|filler:89;79;74;49;68;25|query_marker:24;16;27;11;14;4|query_entity:25;30;13;8;14;6,sgw_broadcast_forced_aux_annealed
28,no_broadcast,1.660425868927,0.541666666667,0.015078941903,0.020833333333,2.000000000000,1.000000000000,2.000000000000,225;228;146;142;155;64,entity:47;48;20;39;30;8|value:41;61;14;39;27;10|filler:89;76;71;47;72;29|query_marker:24;15;29;9;13;6|query_entity:24;28;12;8;13;11,sgw_broadcast_forced_aux_annealed
28,no_workspace_persistence,1.537958356529,0.562500000000,-0.107388570496,0.041666666667,2.000000000000,1.000000000000,2.000000000000,226;214;178;160;126;56,entity:47;41;25;46;25;8|value:39;57;22;39;25;10|filler:88;73;90;55;51;27|query_marker:29;14;27;13;10;3|query_entity:23;29;14;7;15;8,sgw_broadcast_forced_aux_annealed
28,no_workspace_output,1.645346927025,0.520833333333,0.000000000000,0.000000000000,2.000000000000,1.000000000000,2.000000000000,227;235;148;147;153;50,entity:47;49;20;41;29;6|value:42;61;14;38;28;9|filler:89;79;74;49;68;25|query_marker:24;16;27;11;14;4|query_entity:25;30;13;8;14;6,sgw_broadcast_forced_aux_annealed
28,no_spine_workspace,1.645346927025,0.520833333333,0.000000000000,0.000000000000,2.000000000000,1.000000000000,2.000000000000,227;235;148;147;153;50,entity:47;49;20;41;29;6|value:42;61;14;38;28;9|filler:89;79;74;49;68;25|query_marker:24;16;27;11;14;4|query_entity:25;30;13;8;14;6,sgw_broadcast_forced_aux_annealed
28,no_mechanism_output,1.389859033472,0.479166666667,-0.255487893553,-0.041666666667,2.000000000000,1.000000000000,2.000000000000,227;235;148;147;153;50,entity:47;49;20;41;29;6|value:42;61;14;38;28;9|filler:89;79;74;49;68;25|query_marker:24;16;27;11;14;4|query_entity:25;30;13;8;14;6,sgw_broadcast_forced_aux_annealed
28,workspace_disconnected,1.660425868927,0.541666666667,0.015078941903,0.020833333333,2.000000000000,1.000000000000,2.000000000000,225;228;146;142;155;64,entity:47;48;20;39;30;8|value:41;61;14;39;27;10|filler:89;76;71;47;72;29|query_marker:24;15;29;9;13;6|query_entity:24;28;12;8;13;11,sgw_broadcast_forced_aux_annealed
28,permuted_recipients,1.742463907949,0.500000000000,0.097116980924,-0.020833333333,2.000000000000,1.000000000000,2.000000000000,204;238;142;143;179;54,entity:44;50;21;39;32;6|value:36;62;14;40;30;10|filler:79;80;71;47;81;26|query_marker:23;17;25;10;16;5|query_entity:22;29;11;7;20;7,sgw_broadcast_forced_aux_annealed
29,intact,1.696440539498,0.541666666667,0.000000000000,0.000000000000,2.000000000000,1.000000000000,2.000000000000,135;136;156;58;216;259,entity:17;18;41;3;68;45|value:41;32;38;6;31;44|filler:44;56;43;37;86;118|query_marker:26;18;8;10;14;20|query_entity:7;12;26;2;17;32,sgw_broadcast_forced_aux_annealed
29,no_broadcast,1.697618856293,0.520833333333,0.001178316795,-0.020833333333,2.000000000000,1.000000000000,2.000000000000,137;133;157;60;215;258,entity:17;18;41;2;68;46|value:39;31;38;9;31;44|filler:46;53;43;39;86;117|query_marker:28;19;8;8;13;20|query_entity:7;12;27;2;17;31,sgw_broadcast_forced_aux_annealed
29,no_workspace_persistence,1.689382919933,0.520833333333,-0.007057619565,-0.020833333333,2.000000000000,1.000000000000,2.000000000000,130;137;156;59;221;257,entity:18;18;41;1;68;46|value:36;31;38;10;33;44|filler:40;58;43;40;85;118|query_marker:31;18;9;7;12;19|query_entity:5;12;25;1;23;30,sgw_broadcast_forced_aux_annealed
29,no_workspace_output,1.696440539498,0.541666666667,0.000000000000,0.000000000000,2.000000000000,1.000000000000,2.000000000000,135;136;156;58;216;259,entity:17;18;41;3;68;45|value:41;32;38;6;31;44|filler:44;56;43;37;86;118|query_marker:26;18;8;10;14;20|query_entity:7;12;26;2;17;32,sgw_broadcast_forced_aux_annealed
29,no_spine_workspace,1.696440539498,0.541666666667,0.000000000000,0.000000000000,2.000000000000,1.000000000000,2.000000000000,135;136;156;58;216;259,entity:17;18;41;3;68;45|value:41;32;38;6;31;44|filler:44;56;43;37;86;118|query_marker:26;18;8;10;14;20|query_entity:7;12;26;2;17;32,sgw_broadcast_forced_aux_annealed
29,no_mechanism_output,1.452106531815,0.520833333333,-0.244334007683,-0.020833333333,2.000000000000,1.000000000000,2.000000000000,135;136;156;58;216;259,entity:17;18;41;3;68;45|value:41;32;38;6;31;44|filler:44;56;43;37;86;118|query_marker:26;18;8;10;14;20|query_entity:7;12;26;2;17;32,sgw_broadcast_forced_aux_annealed
29,workspace_disconnected,1.697618856293,0.520833333333,0.001178316795,-0.020833333333,2.000000000000,1.000000000000,2.000000000000,137;133;157;60;215;258,entity:17;18;41;2;68;46|value:39;31;38;9;31;44|filler:46;53;43;39;86;117|query_marker:28;19;8;8;13;20|query_entity:7;12;27;2;17;31,sgw_broadcast_forced_aux_annealed
29,permuted_recipients,1.633592689829,0.541666666667,-0.062847849669,0.000000000000,2.000000000000,1.000000000000,2.000000000000,135;120;159;53;239;254,entity:17;18;41;2;68;46|value:34;30;38;10;36;44|filler:45;47;45;36;96;115|query_marker:31;16;10;4;16;19|query_entity:8;9;25;1;23;30,sgw_broadcast_forced_aux_annealed
